OverallQual,GrLivArea,GarageArea,TotalBsmtSF,YearBuilt,LotArea,SalePrice
7,1710,548,856,2003,8450,208500
6,1262,460,1262,1976,9600,181500
7,1786,608,920,2001,11250,223500
7,1717,642,756,1915,9550,140000
8,2198,836,1145,2000,14260,250000
5,1362,480,796,1993,14115,143000
8,1694,636,1686,2004,10084,307000
7,2090,484,1107,1973,10382,200000
7,1774,468,952,1931,6120,129900
5,1077,205,991,1939,7420,118000
5,1040,384,1040,1965,11200,129500
9,2324,736,1175,2005,11924,345000
5,912,352,912,1962,12968,144000
7,1494,840,1494,2006,10652,279500
6,1253,352,1253,1960,10920,157000
7,854,576,832,1929,6120,132000
6,1004,480,1004,1970,11241,149000
4,1296,516,0,1967,10791,90000
5,1114,576,1114,2004,13695,159000
5,1339,294,1029,1958,7560,139000
8,2376,853,1158,2005,14215,325300
7,1108,280,637,1930,7449,139400
8,1795,534,1777,2002,9742,230000
5,1060,572,1040,1976,4224,129900
5,1060,270,1060,1968,8246,154000
8,1600,890,1566,2007,14230,256300
5,900,576,900,1951,7200,134800
8,1704,772,1704,2007,11478,306000
5,1600,319,1484,1957,16321,207500
4,520,240,520,1927,6324,68500
4,1317,250,649,1920,8500,40000
5,1228,271,1228,1966,8544,149350
8,1234,484,1234,2007,11049,179900
5,1700,447,1398,1959,10552,165500
9,1561,556,1561,2005,7313,277500
8,2452,691,1117,2004,13418,309000
5,1097,672,1097,1994,10859,145000
5,1297,498,1297,1954,8532,153000
5,1057,246,1057,1953,7922,109000
4,1152,0,0,1955,6040,82000
6,1324,440,1088,1965,8658,160000
5,1328,308,1350,1959,16905,170000
5,884,504,840,1983,9180,144000
5,938,308,938,1975,9200,130250
5,1150,300,1150,1959,7945,141000
9,1752,576,1752,2005,7658,319900
7,2149,670,1434,2003,12822,239686
8,1656,826,1656,2006,11096,249700
4,1452,0,736,1920,4456,113000
5,955,386,955,1966,7742,127000
6,1470,388,794,1997,13869,177000
6,1176,528,816,1934,6240,114500
5,816,516,816,1963,8472,110000
9,1842,894,1842,1981,50271,385000
5,1360,572,384,1955,7134,130000
6,1425,576,1425,1964,10175,180500
8,1739,480,970,1999,2645,172500
7,1720,565,860,2004,11645,196500
10,2945,641,1410,2006,13682,438780
5,780,352,780,1972,7200,124900
6,1158,576,1158,2004,13072,158000
5,1111,288,530,1920,7200,101000
8,1370,484,1370,2006,6442,202500
7,1710,480,576,1921,10300,140000
7,2034,645,1057,1997,9375,219500
8,2473,852,1143,2004,9591,317000
7,2207,576,1947,1970,19900,180000
7,1479,558,1453,2003,10665,226000
4,747,220,747,1945,4608,80000
7,2287,667,1304,1953,15593,225000
7,2223,516,2223,1973,13651,244000
4,845,360,845,1982,7599,129500
7,1718,427,832,1998,10141,185000
5,1086,490,1086,1954,10200,144900
3,1605,379,840,1915,5790,107400
4,988,297,462,1973,1596,91000
4,952,283,952,1956,8475,135750
5,1285,240,672,1948,8635,127000
4,1768,0,1768,1968,10778,136500
5,1230,440,440,1910,10440,110000
6,2142,509,896,1968,13000,193500
6,1337,405,1237,1998,4500,153500
8,1563,758,1563,2007,10206,245000
5,1065,461,1065,1960,8892,126500
7,1474,400,384,1995,8530,168500
8,2417,462,1288,1991,16059,260000
6,1560,400,684,2005,11911,174000
6,1224,528,612,2009,3951,164500
3,1526,0,1013,1915,8470,85000
4,990,0,990,1994,8070,123600
4,1040,420,0,1950,7200,109900
5,1235,480,1235,1961,8500,98600
5,964,432,876,1921,13360,163500
6,2291,506,1214,1910,7200,133900
6,1786,684,824,1997,9337,204750
6,1470,420,680,1993,9765,185000
7,1588,472,1588,1999,10264,214000
4,960,432,960,1965,10921,94750
5,835,366,458,1920,10625,83000
4,1225,0,950,1959,9320,128950
6,1610,480,1610,1977,10603,205000
6,1732,476,741,1985,9206,178000
5,1535,410,0,1979,7018,118964
7,1226,740,1226,2009,10402,198900
7,1818,240,1040,1931,7758,169500
8,1992,648,1053,2003,9375,250000
4,1047,273,641,1885,10800,100000
5,789,250,789,1948,6000,115000
5,1517,0,793,1919,8500,115000
6,1844,546,1844,1977,11751,190000
6,1855,325,994,1954,9525,136900
7,1430,400,384,2000,7750,180000
7,2696,792,1264,2007,9965,383970
6,2259,450,1809,1953,21000,217000
6,2320,180,1028,1945,7259,259500
6,1458,440,729,1999,3230,176000
5,1092,288,1092,1962,11616,139000
5,1125,430,1125,2006,8536,155000
7,3222,594,1673,1990,12376,320000
6,1456,390,728,2005,8461,163990
6,988,540,938,1969,21453,180000
4,1123,264,732,1939,6060,100000
6,1080,288,1080,1958,9464,136000
6,1199,530,1199,1993,7892,153900
6,1586,435,1362,1979,17043,181000
6,754,0,520,1935,6780,84500
6,958,440,1078,1976,4928,128000
5,840,0,672,1930,4388,87000
6,1348,453,660,1966,7590,155000
5,1053,750,1008,1958,8973,150000
7,2157,487,924,1966,14200,226000
6,2054,390,992,2000,12224,244000
5,1327,624,1063,1959,7388,150750
8,1296,471,1267,2001,6853,220000
5,1721,440,1461,1968,10335,180000
7,1682,530,1304,1970,10400,174000
5,1214,318,1214,1967,10355,143000
7,1959,766,1907,1988,11070,171000
8,1852,660,1004,1999,9066,230000
6,1764,470,928,1997,15426,231500
4,864,0,864,1971,10500,115000
7,1734,660,1734,2005,11645,260000
5,1385,720,910,1952,8520,166000
7,1501,577,1490,1999,10335,204000
5,1728,504,1728,1963,9100,125000
6,1709,380,970,2004,2522,130000
5,875,180,715,1931,6120,105000
7,2035,434,884,2001,9505,222500
7,1080,0,1080,2004,7500,141000
5,1344,240,896,1936,6240,115000
5,969,440,969,1975,10356,122000
8,1710,866,1710,2007,13891,372402
6,1993,495,825,1971,14803,190000
6,1252,564,1602,1960,13500,235000
6,1200,312,1200,1923,11340,125000
6,1096,0,572,1924,9600,79000
5,1040,625,0,1950,7200,109500
8,1968,680,774,2009,12003,269500
7,1947,678,991,2004,12552,254900
7,2462,576,1392,2005,19378,320000
6,1232,516,1232,1984,11120,162500
9,2668,726,1572,2003,13688,412500
7,1541,532,1541,2005,12182,220000
4,882,0,882,1956,5500,103200
6,1616,216,1149,1926,5400,152000
5,1355,0,644,1940,10106,127500
5,1867,303,1617,1955,10708,190000
8,2161,789,1582,2007,10562,325624
7,1720,440,840,2004,8244,183500
8,1707,511,1686,1981,16669,228000
5,1382,660,720,1941,12358,128500
6,1656,528,1080,1960,31770,215000
7,1767,504,1064,1987,5306,239000
6,1362,504,1362,1961,10197,163000
6,1651,616,1606,1986,12416,184000
6,2158,576,1202,1950,12615,243000
6,2060,521,1151,1988,10029,211000
5,1920,451,1052,1958,13650,172500
9,2234,1166,2216,2008,17423,501837
5,968,480,968,1923,8520,100000
6,1525,440,756,2000,2117,177000
7,1802,216,793,1920,7588,200100
5,1340,252,0,1957,9060,120000
7,2082,484,1362,2003,11426,200000
5,1252,576,504,1908,7438,127000
10,3608,840,1107,1892,22950,475000
7,1217,497,1188,1990,9947,173000
5,1656,180,660,1916,10410,135000
5,1224,528,1086,1979,7018,153337
8,1593,682,1593,2001,4923,286000
8,2727,440,853,1932,10570,315000
7,1479,484,725,1972,7472,184000
7,1431,666,1431,1999,9017,192000
7,1709,380,970,2004,2522,130000
5,864,352,864,1972,7180,127000
6,1456,440,855,1976,2280,148500
7,1726,786,1726,2007,9416,311872
8,3112,795,1360,1918,25419,235000
6,2229,0,755,1912,5520,104000
8,1713,856,1713,2004,9591,274900
4,1121,440,1121,2003,8546,140000
6,1279,473,1196,1977,10125,171500
6,1310,398,617,1924,7000,112000
6,848,420,848,2004,4438,149000
5,1284,240,720,1947,3500,110000
7,1442,500,1424,1990,11851,180500
5,1696,349,1140,1962,13673,143900
4,1100,312,1100,1960,12493,141000
7,2062,454,1157,1988,14364,277000
6,1092,504,1092,1964,8250,145000
5,864,0,864,1925,5604,98000
6,1212,460,1212,2009,10420,186000
7,1852,644,900,2009,8640,252678
5,990,576,990,1995,13568,156000
6,1392,299,689,1977,10900,161750
5,1236,447,1070,1957,10011,134450
7,1436,484,1436,2004,8450,210000
4,1328,210,686,1925,9906,107000
7,1954,431,798,1939,15660,311500
7,1248,438,1248,2005,3010,167240
7,1498,675,1498,2006,8990,204900
6,2267,390,1010,2002,8068,200000
6,1552,434,713,1975,11475,179900
4,864,576,864,1971,10500,97000
10,2392,968,2392,2003,13472,386250
5,1302,280,630,1971,1680,112000
7,2520,721,1203,1995,9950,290000
6,987,280,483,1970,1869,106000
5,912,336,912,1967,8521,125000
7,1555,430,1373,2005,3182,192500
6,1194,312,1194,1959,8760,148000
8,2794,810,1462,1995,15138,403000
6,987,288,483,1972,1680,94500
5,894,308,894,1976,10650,128200
6,1960,440,860,2002,7851,216500
6,987,264,483,1971,1680,89500
7,1414,494,1414,2004,8773,185500
7,1744,457,996,1993,9453,194500
8,1694,818,1694,2007,12030,318000
6,1487,220,735,1945,8741,113000
8,1566,750,1566,2008,9000,262500
5,866,0,686,1945,3880,110500
5,1440,352,540,1900,5000,79000
6,1217,288,626,1980,10762,120000
7,2110,463,948,1994,8880,205000
7,1872,604,1845,1988,10400,241500
6,1928,440,1020,1910,9142,137000
6,1375,451,1367,1954,11310,140000
7,1668,500,840,2003,11317,180000
6,2144,389,1444,1958,159000,277000
3,1306,0,728,1940,5350,76500
8,1625,538,1573,2006,4750,235000
6,1640,520,798,2004,8366,173000
6,1302,309,1302,1964,9350,158000
5,1314,294,1314,1957,8400,145000
7,2291,429,975,1999,8738,230000
6,1728,673,864,2003,8791,207500
7,1604,660,1604,2006,8814,220000
7,1792,564,963,2001,12435,231500
5,882,308,0,1956,12702,97000
6,1382,884,1362,1962,19296,176000
8,2574,868,1482,2007,9588,276000
6,1212,492,506,1977,8471,151000
5,1316,484,926,1929,5500,130000
5,764,504,680,1925,5232,73000
6,1422,576,1422,1981,12090,175500
6,1511,413,802,1997,11207,185000
5,2192,240,720,1939,8400,179500
5,778,924,740,1940,6900,120500
6,1113,504,1143,1976,7917,148000
8,1939,1053,1095,2006,10728,266000
7,1363,439,1385,1954,39104,241500
8,2270,671,1152,1999,11764,290000
6,1632,338,1240,1958,9600,139000
5,816,264,816,1982,8314,124500
7,1548,672,952,1925,7264,205000
7,1560,573,1560,2003,9196,201000
4,864,400,864,1951,19138,141000
9,2121,732,2121,2006,14450,415298
7,2022,505,1160,1977,10005,192000
7,1982,575,807,1989,11287,228500
6,1262,572,1262,2006,7200,185000
7,1314,626,1314,2007,5063,207500
8,1468,898,1468,2008,9612,244600
6,1575,529,1575,1992,8012,179200
7,1250,528,625,2006,4251,164700
6,1734,440,912,1962,9786,159000
4,858,0,858,1971,8125,88000
5,900,280,882,1967,9819,122000
6,1396,384,698,1915,8730,153575
8,1919,685,1079,2006,15611,233230
5,1716,0,780,1912,5687,135900
5,1716,281,768,1949,11409,131000
7,2263,539,795,1977,16659,235000
6,1644,418,1416,1953,9600,167000
6,1003,588,1003,1984,7937,142500
5,1558,282,910,1950,13710,152000
7,1950,576,975,1997,7399,239000
6,1743,539,702,1968,11700,175000
6,1152,300,1092,1950,14000,158500
5,1336,375,1165,1953,15750,157000
8,2452,683,1028,1998,16226,267000
7,1541,843,1541,2001,13704,205000
5,894,552,894,1972,9800,149900
7,3493,870,1470,1880,18386,295000
8,2000,888,2000,2004,10386,305900
7,2243,746,700,1990,13474,225000
6,1406,0,319,1920,7920,89500
4,861,539,861,1940,12342,82500
9,1944,708,1896,2003,12378,360000
6,1501,420,697,1993,7685,165600
6,972,240,972,1948,8000,132000
5,1118,410,793,1939,7800,119900
7,2036,513,2136,1965,215245,375000
7,1641,546,728,1925,9600,178000
7,1432,432,716,2004,7795,188500
7,2353,484,845,1980,13005,260000
8,1959,1025,1088,2006,9000,270000
7,2646,656,1347,1993,9900,260000
7,1472,588,1372,1980,14115,187500
9,2596,840,1249,2006,16259,342643
8,2468,872,1136,2004,12099,354000
7,2730,576,1502,1986,10380,301000
3,1163,220,1162,1955,5820,126175
7,2978,564,710,1967,11275,242000
5,803,360,720,1941,5000,87000
8,1719,473,1719,1993,10846,324000
6,1383,292,1383,1960,11600,145250
6,2134,441,844,1916,11888,214500
5,1192,189,596,1920,6402,78000
5,1728,352,1728,1964,10624,119000
5,1056,308,1056,1958,8176,139000
8,1629,880,3206,2003,10655,284000
7,1358,484,1358,2004,8198,207000
6,1638,472,943,1998,9042,192000
5,1786,529,1499,1965,164660,228950
9,1922,676,1922,2005,14157,377426
7,1536,532,1536,2002,9135,214000
7,1621,440,1208,1984,14145,202500
6,1215,297,1215,1958,12400,155000
8,1908,431,967,2002,14191,202900
4,841,294,721,1950,8400,82000
3,1040,400,0,1949,8544,87500
9,1684,564,1684,2005,8849,266000
5,1112,336,536,1976,2592,85000
6,1577,312,972,1939,6435,140200
6,958,301,958,1960,12772,151500
6,1478,498,1478,1960,17600,157500
7,1626,474,764,2003,2448,154000
9,2728,706,1848,2005,20431,437154
9,1869,617,1869,2007,7820,318061
7,1453,445,1453,1986,5271,190000
5,1111,200,616,1941,9084,95000
6,720,484,624,1928,8520,105900
6,1595,240,940,1940,8400,140000
6,1200,521,1200,1995,11249,177500
6,1167,400,1158,1992,9248,173000
5,1142,528,1142,1976,4224,134000
5,1352,288,1062,1958,6930,130000
8,1924,592,1086,1998,12011,280000
6,912,470,888,1978,7540,156000
5,1505,240,883,1940,9144,145000
7,1922,672,0,2003,7301,198500
6,987,264,483,1972,1680,118000
6,1574,566,796,1976,18800,190000
5,1344,468,672,1920,10690,147000
6,1394,514,1394,1963,9500,159000
6,1431,296,1099,1962,9150,165000
5,1268,244,1268,1954,7800,132000
5,1287,576,1063,1959,9830,162000
6,1664,460,953,2000,8121,172400
4,1588,680,0,1959,17120,134432
6,752,264,744,1984,7175,125000
5,1319,270,608,1953,10634,123000
7,1928,434,847,2003,8200,219500
1,904,0,683,1922,10020,61000
5,914,576,870,1996,8846,148000
8,2466,610,1580,2004,11143,340000
9,1856,834,1856,2010,11394,394432
6,1800,463,982,2000,8123,179000
5,1691,308,1026,1924,5000,127000
7,1301,572,1293,2006,7200,187750
7,1797,639,939,2006,9245,213500
6,784,360,784,1928,9000,76000
6,1953,501,1580,1992,53107,240000
8,1269,430,1256,2004,3182,192000
5,1184,0,658,1910,8410,81000
6,1125,352,1041,1976,7200,125000
7,1479,577,1468,1999,9382,191000
10,2332,846,1682,2007,12474,426000
5,1367,384,861,1900,8405,119000
6,1961,560,804,2001,12209,215000
5,882,294,0,1959,8339,106500
4,788,0,788,1941,7446,100000
5,1034,240,735,1940,10134,109000
5,1144,596,1144,1956,9571,129000
5,894,600,894,1972,7200,123000
5,1812,264,864,1962,7590,169500
5,1077,338,961,1920,8967,67000
7,1550,438,1092,2006,8125,241000
8,1288,500,1260,1996,14963,245500
7,1310,400,1310,2005,8767,164990
5,672,240,672,1940,10200,108000
8,2263,420,1141,1998,12090,258000
6,1572,373,806,1995,10364,168000
4,1620,490,1281,1976,9991,150000
6,1639,240,1064,1936,10480,115000
6,1680,308,840,1915,15576,177000
7,2172,947,1063,2006,14154,280000
8,2078,836,1034,2007,10800,339750
5,1276,350,1276,1958,9571,60000
5,1056,572,1056,1955,34650,145000
7,1478,484,1470,2009,4403,222000
5,1028,360,1008,1927,8960,115000
7,2097,678,1080,1993,11228,228000
7,1340,396,1340,2007,8899,181134
6,1400,440,672,1978,7844,149500
6,2624,864,1370,1918,22420,239000
5,1134,240,756,1940,8160,126000
5,1056,304,1056,1968,8450,142000
7,1344,784,1344,1997,7060,206300
6,1602,529,1602,1977,16635,215000
5,988,520,988,1954,21750,113000
8,2630,696,1470,1998,9200,315000
6,1196,297,1196,1956,9000,139000
7,1389,240,651,1946,3378,135000
7,1644,569,1518,1989,12800,275000
4,907,352,907,1957,8593,109008
7,1208,628,1208,2007,6762,195400
6,1412,576,1392,1988,11457,175000
6,987,264,483,1971,1680,85400
6,1198,0,901,1920,5586,79900
5,1365,440,765,1971,1920,122500
6,1604,470,926,1997,10839,181000
4,630,0,630,1972,1890,81000
7,1661,550,799,1996,10667,212000
6,1118,440,648,1920,4400,116000
6,904,180,884,1926,6000,119000
5,694,352,440,1913,4280,90350
6,1196,528,684,1920,12354,110000
10,2402,672,3094,2008,15431,555000
4,1440,0,1440,1955,12108,118000
5,1573,360,1078,1930,6240,162900
7,1258,648,1258,2006,3922,172500
7,1908,493,915,1994,8750,210000
6,1689,480,1436,1956,9855,127500
6,1888,578,1517,1966,16492,190000
7,1886,431,930,1998,11214,199900
6,1376,198,780,1937,8600,119500
3,1183,308,649,1948,6000,120000
6,813,270,813,1930,5684,110000
7,1533,576,1533,1975,70761,280000
6,1756,422,872,1996,9303,204000
8,1590,676,768,2008,9000,210000
5,1728,560,1728,1976,9297,188000
7,1242,528,1242,1973,9600,175500
5,1344,513,624,1916,4571,98000
4,1663,529,1364,1954,53227,256000
8,1666,228,588,1925,5100,161000
5,1203,352,709,1950,7015,110000
8,1935,552,832,2009,8004,263435
7,1135,576,560,1936,7200,155000
5,864,360,864,1965,8281,62383
6,1660,240,715,1934,11988,188700
5,1040,0,1040,1978,8430,124000
7,1414,398,1375,2004,3072,178740
7,1277,526,1277,1970,10628,167000
5,1644,312,728,1942,9480,146500
8,1634,866,1626,2006,11428,250000
6,1710,506,832,1993,9291,187000
8,1502,528,1488,1985,6820,212000
7,1969,534,808,1977,11952,190000
6,1072,525,547,2005,3675,148000
8,1976,908,1976,2006,14977,440000
8,1652,499,1494,2000,5330,251000
5,970,624,970,1963,8480,132500
6,1493,508,1478,1997,13125,208900
9,2643,694,2153,2006,13693,380000
8,1718,826,1705,2007,10637,297000
4,1131,672,907,1937,5925,89471
9,1850,772,1833,2004,16033,326000
9,1792,874,1792,2003,11846,374000
7,1826,164,910,1915,2500,155000
6,1216,402,1216,1998,4500,164000
5,999,264,999,1962,7758,132500
5,1113,264,1113,1950,9600,147000
5,1073,515,1073,1965,10289,156000
5,1484,487,1484,1971,12243,175000
5,2414,520,954,1900,10800,160000
4,630,286,630,1970,1526,86000
5,1304,336,264,1976,2665,115000
6,1578,240,806,1941,9490,133000
6,1456,429,728,2006,15578,172785
5,1269,308,1269,1960,7931,155000
5,886,273,190,1938,5784,91300
4,720,0,720,1920,7879,34900
8,3228,546,3200,1992,12692,430000
7,1820,240,1026,1925,9120,184000
5,899,288,864,1967,7800,130000
5,912,297,912,1958,7535,120000
6,1218,264,672,1973,1890,113000
7,1768,603,866,2005,9803,226700
5,1214,461,1214,1965,9170,140000
7,1801,484,1501,1959,15602,289000
6,1322,440,855,1974,2308,147000
5,1960,400,960,1952,7596,124500
8,1911,471,777,1993,9554,215000
6,1218,676,1218,2009,7862,208300
7,1378,360,689,1928,9600,161000
5,1041,270,1041,1959,9600,124500
5,1363,288,1008,1951,14559,164900
7,1368,474,1368,2005,6792,202665
5,864,624,864,1958,9100,129900
6,1080,484,1084,1983,9187,134000
5,789,200,768,1926,10594,96500
10,2020,900,2006,2009,12220,402861
6,2119,583,689,1972,10448,158000
7,2344,889,1264,1996,10208,265000
6,1796,546,794,1998,9531,211000
7,2080,282,1276,1926,10918,234000
4,1294,0,0,1900,10800,106250
6,1244,336,1244,1957,11988,150000
6,1664,420,1004,1947,5000,159000
10,4676,884,3138,2007,40094,184750
7,2398,834,1379,1996,11787,315750
7,1266,453,1257,2005,7500,176000
5,928,252,928,1956,13300,132000
9,2713,858,1452,2008,14948,446261
4,605,0,528,1920,9098,86000
6,2515,484,2035,1957,32668,200624
6,1509,600,1461,1988,10200,175000
6,1362,502,611,1920,6155,128000
5,827,392,0,1955,7200,107500
1,334,0,0,1946,5000,39300
8,1414,403,707,2004,9056,178000
5,1347,0,1117,1910,7000,107500
7,1724,527,880,1998,8924,188000
4,864,576,864,1972,12735,111250
5,1159,336,1051,1968,11553,158000
8,1601,670,1581,2001,11423,272000
9,1838,765,1838,2006,14601,315000
8,2285,648,969,2000,11000,248000
7,1680,583,1650,1998,10140,213250
7,767,367,723,1998,4058,133000
7,1496,426,654,2006,17104,179665
7,2183,786,1204,1988,13837,229000
6,1635,440,1065,1923,8737,210000
5,768,624,768,1970,7244,129500
5,825,720,825,1955,8235,125000
7,2094,615,912,2003,9375,263000
6,1069,440,1069,1977,4043,140000
5,928,288,928,1957,6000,112500
8,1717,908,1709,2006,11146,255500
4,1126,520,0,1949,8777,108000
7,2046,871,998,2003,10625,284000
5,1048,280,993,1922,6380,113000
5,1092,299,1092,1957,14850,141000
4,1336,570,637,1920,11040,108000
7,1446,406,729,1996,21872,175000
7,1557,420,1374,2003,3196,234000
5,1392,528,1392,1957,11341,121500
5,1389,418,1389,1974,10010,170000
5,996,0,996,1940,13907,108000
6,1674,396,1163,1918,21780,185000
7,2295,590,1095,1992,13346,268000
6,1647,216,806,1915,6858,128000
9,2504,656,1122,2005,11198,325000
7,1535,532,1517,2004,10171,214000
8,2132,612,1496,1983,12327,316600
5,943,600,943,1979,7032,135960
5,1728,576,1728,1965,13101,142600
6,864,288,864,1959,7332,120000
7,1692,650,846,2009,13159,224500
7,1430,400,384,2000,9967,170000
5,1109,288,372,1971,10500,139000
5,1216,336,832,1947,8480,118500
7,1477,216,861,1928,6292,145000
5,1320,564,1164,1966,11777,164500
7,1392,540,689,2007,3604,146000
5,1795,352,1050,1954,12150,131500
6,1429,572,1144,1960,14585,181900
8,2042,1390,2042,2008,12704,253293
6,816,0,816,1990,11841,118500
10,2775,880,1237,1893,13500,325000
4,1573,240,884,1935,6120,133000
8,2028,880,1868,2005,11443,369900
6,838,275,816,1918,10267,130000
5,860,528,840,1982,8740,137000
5,1473,452,1437,1968,25095,143000
5,935,308,742,1930,9100,79500
7,1582,520,770,2004,8320,185900
10,2296,842,1722,2008,13478,451950
5,816,816,816,1982,6600,138000
6,848,420,848,2003,4435,140000
5,924,280,924,1975,7990,110000
8,1826,758,1814,2005,11302,319000
6,1368,216,684,1910,3600,114504
7,1402,648,1258,2006,3922,194201
5,1647,621,1430,1977,12984,217500
6,1556,452,716,1980,1950,151000
8,1904,736,1058,2005,10927,275000
6,1375,544,780,1937,9000,141000
8,1915,506,908,1992,10041,220000
7,1200,480,600,2004,3182,151000
7,1494,530,1494,2002,12803,221000
7,1986,486,768,1965,13600,205000
5,1040,576,1040,1996,12464,152000
5,2008,230,896,1948,7800,225000
8,3194,380,965,1934,12168,359100
4,1029,261,1029,1961,7943,118500
9,2153,736,1440,2000,11050,313000
6,1032,564,1032,1978,10395,148000
8,1872,531,1299,2001,11885,261500
5,1120,0,1120,2007,8402,147000
4,630,0,630,1972,1491,75500
6,1054,480,936,1963,8800,137500
6,1509,393,783,2002,7861,183200
6,832,528,832,1954,7227,105500
9,1828,774,1822,2007,11694,314813
8,2262,749,1482,2003,12244,305000
3,864,0,864,1914,8248,67000
6,2614,624,1522,1974,10800,240000
5,980,484,980,1977,7064,135000
6,1512,440,756,2000,2117,168500
6,1790,484,732,1972,10400,165150
6,1116,440,1116,1962,10000,160000
5,1422,286,978,1960,12342,139900
6,1520,364,1156,1955,9600,153000
5,2080,504,1040,1969,11606,135000
6,1350,520,1248,1964,9020,168500
5,1750,240,636,1880,9000,124000
8,1554,627,1554,2006,4590,209500
7,1411,544,1386,1977,11900,82500
5,1056,260,1056,1954,9250,139400
6,1056,576,1056,1980,6979,144000
6,3395,0,1440,1914,10896,200000
2,800,0,264,1936,6120,60000
5,1387,256,811,1954,6000,93000
5,796,0,796,1910,8777,85000
8,1567,648,1520,2006,3982,264561
8,1518,588,1518,2003,12677,274000
7,1929,650,1057,2001,7050,226000
8,2704,538,1952,1972,13860,345000
5,1620,462,780,1969,10793,152000
9,1766,478,1766,2009,9187,370878
6,981,576,981,1971,10530,143250
5,1048,420,0,1950,7200,98300
6,1094,495,1094,1953,10452,155000
6,1839,442,756,1966,7700,155000
4,630,0,630,1970,1936,84500
7,1665,562,813,2007,8125,205950
4,1510,296,755,1940,9084,108000
7,1716,512,880,1996,8750,191000
6,1469,216,756,1906,10320,135000
8,2113,839,2109,1995,10437,350000
6,1092,264,525,1971,1680,88000
5,1053,312,1053,1959,10007,145500
7,1502,270,776,1931,7200,149000
6,1458,330,912,1948,17503,97500
5,1486,480,1486,1964,9937,167000
7,1935,550,793,1976,12384,197900
8,2448,711,1629,1994,46589,402000
6,1392,576,1392,1968,13560,110000
4,1181,588,1138,1972,10012,137500
8,2097,1134,2077,2005,20896,423000
8,1936,504,1406,2000,11194,230500
6,2380,596,1021,1965,18450,129000
6,1679,575,1408,1994,8125,193500
5,1437,576,1188,1956,14175,168000
4,1180,252,700,1922,11600,137500
6,1476,540,738,2005,8633,173500
6,1369,300,672,1925,6629,103600
6,1208,546,1208,1977,11250,165000
6,1839,416,1477,1957,14442,257500
6,1136,384,1136,1965,9200,140000
6,1441,440,855,1978,2289,148500
4,1774,779,1095,1900,9600,87000
5,792,240,768,1924,9022,109500
8,2046,834,2046,2008,11844,372500
5,988,572,988,1961,9945,128500
6,923,264,923,1980,8012,143000
5,1520,281,793,1932,4500,159434
6,1291,431,1291,1996,2887,173000
9,1668,702,1626,2002,11248,285000
7,1839,486,1195,1998,16770,221000
7,2090,577,1190,1984,5062,207500
7,1761,578,874,2007,10207,227875
7,1102,480,551,2004,5105,148800
8,1419,567,1419,2007,8089,392000
6,1362,460,1362,2005,7577,194700
6,848,420,848,2004,4426,141000
10,4316,832,2444,1994,21535,755000
7,2519,628,1210,1989,26178,335000
5,1073,326,1073,1921,5400,108480
5,1539,576,927,1936,6120,141500
6,1137,551,1112,1987,13811,176000
5,616,205,616,1921,6000,89000
5,1148,308,980,1952,6420,123500
5,894,336,894,1965,8450,138500
7,1391,530,1391,2004,4282,196000
8,1800,765,1800,2002,14331,312500
7,1164,528,1164,1969,9600,140000
8,2576,666,1234,2006,12438,361919
5,1812,672,360,1900,7630,140000
7,1484,606,1473,2004,8400,213000
4,1092,0,0,1930,5600,55000
7,1824,739,1643,1971,115149,302000
8,1324,550,1324,2006,6240,254000
7,1456,400,728,2007,9018,179540
5,904,408,876,1966,7162,109900
3,729,0,270,1935,4130,52000
4,1178,384,859,1900,8712,102776
8,1228,472,1228,1988,4671,189000
4,960,576,960,1970,9873,129000
6,1479,475,725,1976,13517,130500
6,1350,478,1064,1974,10140,165000
7,2554,704,718,1890,10800,159500
5,1178,439,1176,1973,10000,157000
7,2418,983,1311,1993,10542,341000
5,971,300,971,1969,9920,128500
8,1742,564,1742,1985,6563,275000
6,848,420,848,2004,4426,143000
4,864,463,864,1970,8120,124500
4,1470,548,941,1954,8172,135000
9,1698,768,1698,2007,13286,320000
4,864,660,864,1970,6960,120500
6,1680,540,880,1988,21695,222000
7,1232,632,1232,2007,7314,194500
5,1776,888,1584,1958,11475,110000
4,1208,539,780,1925,6240,103000
8,1616,608,1595,1995,5389,236500
7,1146,438,868,2003,9590,187500
7,2031,541,1153,1998,11404,222500
5,1144,264,864,1961,10000,131400
5,948,300,948,1968,8978,108000
7,1768,320,880,1914,10800,163000
3,1040,400,0,1950,8544,93500
8,1801,800,893,2005,10463,239900
5,1200,0,1200,1987,10800,179000
7,1728,572,864,2004,9313,190000
5,1432,360,264,1910,9600,132000
6,912,288,912,1961,6768,142000
7,1349,539,1349,2000,8450,179000
5,1464,480,520,1963,12886,175000
8,1337,462,1337,1993,5395,180000
8,2715,831,1142,1976,8963,299800
7,2256,554,952,2000,8795,236000
7,2640,864,1240,1880,11700,265979
7,1720,527,1720,1996,10593,260400
4,1529,240,0,1945,8405,98000
4,1140,0,576,1910,8800,96500
7,1320,400,660,2003,7750,162000
6,1494,576,1479,1997,9236,217000
8,2098,878,1030,2005,10240,275500
6,1026,440,1026,1969,7930,156000
6,1471,440,729,1999,3230,172500
8,1768,578,866,2007,10769,212000
6,1386,440,672,1978,11616,158900
7,1501,440,744,1999,2280,179400
8,2531,752,1318,1995,12257,290000
6,864,300,864,1959,9100,127500
5,1301,440,1145,1924,6911,100000
7,1547,614,756,2009,8640,215200
8,2365,856,1252,1999,9430,337000
8,1494,481,1494,1995,9549,270000
9,1506,592,1498,2008,14587,264132
7,1714,496,980,1988,10421,196500
6,1750,423,983,1940,12508,160000
7,1836,484,1860,2004,9100,216837
8,3279,841,1650,2003,53504,538000
5,858,576,858,1982,7252,134900
4,1220,396,836,1951,8877,102000
6,1117,672,1029,1976,7819,107000
5,912,275,912,1958,10150,114500
8,1973,895,1935,2006,14226,395000
6,1204,412,1204,1998,4500,162000
7,1614,865,1614,2005,11210,221500
5,894,440,864,1974,13350,142500
5,2020,630,0,1977,8400,144000
6,1004,504,975,1977,10530,135000
7,1253,402,1237,1995,7875,176000
6,1603,484,761,1992,7153,175900
7,1430,605,1413,2001,16285,187100
5,1110,602,1097,1978,9101,165500
6,1484,0,742,1914,6300,128000
6,1342,457,1372,1967,9790,161500
5,1652,416,686,1915,10800,139000
7,2084,618,956,2004,10142,233000
4,901,281,901,1954,6000,107900
6,2087,444,832,1966,12205,187500
7,1145,397,1145,2005,3182,160200
6,1062,539,1029,1976,11333,146800
7,2013,455,1117,1996,9920,269790
8,1496,474,1496,2007,9158,225000
7,1895,409,712,1994,10832,194500
6,1564,476,650,1980,8400,171000
6,1285,528,660,1977,8197,143500
5,773,240,773,1953,7677,110000
9,3140,820,1926,2008,13518,485000
5,1768,240,731,1937,7200,175000
6,1688,603,616,1997,12798,200000
4,1196,440,1196,1916,4800,109900
7,1456,410,728,2005,8199,189000
9,2822,1020,1734,2008,13891,582933
5,1128,286,936,1954,9000,118000
7,1428,554,1417,2008,12274,227680
5,980,384,980,1967,9750,135500
5,1576,528,1324,1923,21384,223500
5,1086,484,1024,1966,13400,159950
5,2138,360,849,1898,8100,106000
6,1309,484,1040,1974,10140,181000
6,848,420,848,2004,4438,144500
5,1044,504,540,1952,8712,55993
6,1442,301,1442,1958,9750,157900
5,1250,280,686,1918,8248,116000
7,1661,598,1649,1998,12137,224900
5,1008,275,1008,1954,11425,137000
8,1689,857,1568,2002,13265,271000
6,1052,440,1010,1971,8816,155000
7,1358,484,1358,2009,6371,224000
7,1640,595,798,2003,7226,183000
4,936,576,936,1953,6000,93000
7,1733,433,847,2003,12394,225000
6,1489,240,778,1940,9900,139500
8,1489,776,1489,2006,11216,232600
10,2084,1220,2078,2007,14803,385000
5,784,0,784,1924,6130,109500
7,1434,527,1454,2001,8529,189000
5,2126,538,1013,1967,28698,185000
7,1223,480,600,2005,2544,147400
6,1392,458,1392,1957,11900,166000
7,1200,480,600,2005,3180,151000
7,1829,613,941,2003,9548,237000
6,1516,472,1516,1964,10004,167000
5,1144,456,1144,1961,7875,139950
4,1067,436,1067,1950,9600,128000
5,1559,812,1559,1948,8100,153500
6,987,264,483,1973,1680,100000
5,1099,352,1099,1995,9525,144000
5,1200,240,768,1946,11767,130500
6,1482,400,672,1925,12155,140000
5,1539,686,650,1904,10440,157500
6,1165,490,1127,1966,9020,174900
5,1800,0,1800,1961,8000,141000
5,1416,720,876,1915,12665,153900
5,1701,611,1390,1975,16647,171000
7,1775,425,740,1993,9317,213000
5,864,338,864,1972,15523,133500
6,2358,360,907,1908,45600,240000
6,1855,512,528,1976,9600,187000
6,848,420,848,2003,4435,131500
8,1456,400,1273,2003,3196,215000
7,1646,240,918,1941,7128,164000
6,1445,645,1127,1964,12095,158000
5,1779,454,1763,1955,17920,170000
5,1040,260,1040,1962,6897,127000
6,1026,576,940,1978,10970,147000
6,1481,343,702,1994,8125,174000
7,1370,479,1090,1976,10400,152000
6,2654,619,1054,1968,11029,250000
7,1426,216,912,1918,7642,189950
5,1039,504,1039,1965,11625,131500
6,1097,480,1040,1984,9672,152000
5,1148,672,1148,1959,7931,132500
7,1372,529,1372,2007,8640,250580
5,1002,902,1002,1970,8750,148500
8,1646,870,1638,2006,10656,248900
4,1120,544,1040,1961,6970,129000
5,2320,672,0,1948,14762,169000
7,1949,574,1050,1993,9938,236000
5,894,308,894,1962,6600,109500
6,1682,523,804,1998,8750,200500
5,910,414,105,1953,8892,116000
5,1268,288,832,1949,12144,133000
5,1131,200,676,1941,5720,66500
8,2610,550,1184,2007,9000,303477
4,1040,648,1064,1963,25286,132250
9,2224,738,1462,2004,8834,350000
5,1155,576,1109,1961,11782,148000
5,864,336,864,1978,7000,136500
5,1090,450,1090,2005,7024,157000
7,1717,400,1156,1990,13758,187500
6,1593,389,808,1992,9636,178000
4,2230,440,795,1912,6204,118500
5,892,288,892,1967,7150,100000
9,1709,506,1698,1999,5119,328900
5,1712,588,1626,1959,8393,145000
5,1393,300,816,1955,16466,135500
8,2217,621,2217,1970,15865,268000
6,1505,505,1505,1953,12160,149500
5,924,576,672,1949,8064,122900
6,1683,440,918,1978,11184,172500
6,1068,264,1059,1963,8414,154500
5,1383,354,1383,1954,13284,165000
5,1535,400,0,1979,7018,118858
6,1796,483,780,1963,7056,140000
4,951,327,951,1936,8765,106500
5,2240,528,0,1979,7018,142953
9,2364,820,2330,2009,12919,611657
5,1236,288,912,1961,6993,135000
4,858,684,858,1971,7340,110000
5,1306,756,992,1957,8712,153000
7,1509,393,783,2003,7875,180000
7,1670,690,1670,2006,14859,240000
5,902,288,876,1967,6173,125500
5,1063,280,1056,1954,9920,128000
8,1636,865,1623,2006,13501,255000
7,2057,180,1017,1936,11500,250000
5,902,484,864,1983,8885,131000
6,1484,390,742,2005,12589,174000
5,2274,480,1105,1960,11600,154300
5,1268,252,1268,1977,9286,143500
5,1015,450,768,1925,6120,88000
5,2002,871,1001,1949,6270,145000
6,1224,528,612,2009,3000,173733
4,1092,286,546,1970,2001,75000
2,480,308,480,1949,9000,35311
4,1229,284,1134,1956,17140,135000
7,2127,833,1104,1991,13125,238000
6,1414,601,1184,1958,11029,176500
6,1721,471,928,1994,8462,201000
5,2200,0,1272,1900,8777,145900
6,1316,397,1316,2005,10237,169990
6,1617,533,1604,1993,8012,193000
6,1686,612,1686,1980,10240,207500
5,1126,540,1126,1977,15611,175000
8,2374,656,1181,2003,11999,285000
7,1978,486,832,1968,9900,176000
8,1788,522,1753,2001,11838,236500
7,2236,642,964,1997,13006,222000
8,1466,610,1466,2007,8925,201000
5,925,429,925,1965,9100,117500
9,1905,788,1905,2006,11670,320000
7,1500,570,1500,2004,8487,190000
7,2069,505,585,1960,27650,242000
4,747,528,600,1926,5825,79900
7,1200,555,1176,2003,10083,184900
7,1971,689,1113,2005,9675,253000
7,1962,868,1391,2006,8760,239799
7,2403,349,1032,1940,24090,244400
6,1728,574,1728,1976,12640,150900
7,2060,390,992,1999,8755,214000
4,1440,0,1440,1977,7711,150000
5,1632,576,1632,1967,25000,143000
6,1344,525,819,1958,14375,137500
5,1869,456,1088,1890,8820,124900
5,1144,796,1144,1959,8163,143000
8,1629,808,1616,2002,14536,270000
7,1776,474,936,2002,14006,192500
6,1381,676,1161,1972,9360,197500
5,864,720,864,1950,7200,129000
5,965,300,828,1965,7800,119900
5,768,396,768,1972,7200,133900
5,1968,530,784,1969,11075,172000
6,980,0,945,1975,9400,127500
6,1958,492,979,1946,7136,145000
6,1229,462,561,1980,1300,124000
5,1057,576,1057,1962,7420,132000
7,1337,531,1337,2003,8450,185000
7,1416,484,696,1999,2572,155000
5,858,0,858,1958,7207,116500
6,2872,619,1330,1977,12227,272000
6,1548,440,804,1976,2308,155000
9,1800,702,1800,2007,11923,239000
7,1894,510,817,2002,11316,214900
6,1484,393,783,2005,10237,178900
5,1308,256,728,1940,9600,160000
5,1098,260,1098,1955,7390,135000
3,968,0,600,1910,5925,37900
6,1095,264,588,1958,10382,140000
4,1192,0,720,1949,10800,135000
7,1626,474,764,2003,2268,173000
6,918,264,918,1979,7892,99500
7,1428,480,1428,2007,11639,182000
7,2019,532,728,1910,11414,167500
7,1382,490,673,2000,2651,165000
4,869,0,440,1923,5900,85500
7,1241,569,1241,2006,4274,199900
4,894,400,894,1954,9450,110000
5,1121,480,1121,1963,8816,139000
7,999,588,944,1961,12122,178400
8,2612,676,1225,1998,12203,336000
7,1266,388,1266,2007,3182,159895
8,2290,779,1128,2002,11250,255900
5,1734,539,0,1977,10125,126000
5,1164,240,1164,1950,10880,125000
6,1635,255,485,1910,5310,117000
9,1940,606,1930,2009,10159,395192
6,2030,551,848,1976,12046,195000
7,1576,614,770,2006,8125,197000
8,2392,870,1396,1997,9452,348000
8,1742,424,916,1882,17671,168000
6,1851,440,822,1964,9760,187000
6,1500,564,750,2005,8846,173900
10,1718,786,1700,2006,12456,337500
4,1230,305,747,1946,4712,121600
5,1050,368,1050,1961,10659,136500
6,1442,615,1442,1970,11717,185000
3,1077,210,1007,1922,9786,91000
7,1208,632,1187,2006,6762,206000
3,944,528,0,1952,10206,82000
5,691,216,691,1920,5400,86000
8,1574,824,1574,2006,11957,232000
5,1680,528,1680,1976,11500,136905
7,1504,457,1346,2005,3182,181000
5,985,328,985,1977,8385,149900
6,1657,484,1657,1970,12155,163500
4,1092,286,546,1970,2217,88000
7,1710,550,1710,2004,12118,240000
5,1522,0,1008,1926,6000,102000
5,1271,312,720,1948,21286,135000
5,1664,0,0,1965,9825,100000
6,1502,180,602,1923,10592,165000
5,1022,280,1022,1910,7200,85000
6,1082,240,1082,1948,11664,119200
8,1665,528,810,2001,8400,227000
7,1504,478,1504,1996,11883,203000
8,1360,565,1220,1984,5814,187500
7,1472,402,384,1991,10784,160000
7,1506,440,1362,2005,3013,213490
4,1132,451,1132,2005,7024,176000
7,1220,632,1199,2006,7406,194000
5,1248,160,912,1930,9439,87000
7,1504,437,1346,2005,3182,191000
8,2898,665,1565,1976,15498,287000
5,882,461,882,1972,7700,112500
5,1264,461,1268,1960,9300,167500
8,1646,800,1638,2007,9520,293077
5,1376,240,768,1941,9492,105000
6,1218,264,672,1972,1680,118000
5,1928,0,686,1916,7082,160000
7,3082,672,824,1920,15863,197000
8,2520,796,1338,1993,14541,310000
7,1654,900,1654,2002,8125,230000
5,954,240,920,1938,6305,119750
4,845,290,0,1957,11500,84000
9,1620,912,1620,2007,12898,315500
8,2263,905,1055,2001,9240,287000
4,1344,0,546,1970,1533,97000
4,630,286,630,1970,1477,80000
5,1803,484,1134,1957,13125,155000
6,1632,484,800,1966,9130,173000
6,1306,624,1306,2005,5381,196000
7,2329,514,1475,1990,11839,262280
8,2524,542,2524,1981,9600,278000
3,1733,452,0,1955,13680,139600
9,2868,716,1992,2005,16056,556581
5,990,672,990,1994,9245,145000
5,1771,336,0,1960,21750,115000
4,930,308,0,1946,11100,84900
7,1302,436,1302,2007,8993,176485
7,1316,440,1316,2007,11175,200141
6,1977,540,816,1964,9500,165000
5,1526,364,1216,1957,8562,144500
8,1989,586,1065,2002,11367,255000
6,1523,478,1193,1976,11361,180000
7,1364,484,1364,2005,7052,185850
7,1850,467,973,1994,29959,248000
9,2184,836,1104,2008,11308,335000
6,1991,432,854,1932,11275,220000
8,1338,582,1338,2001,4920,213500
3,894,1248,894,1935,18000,81000
5,2337,560,662,1900,13600,90000
6,1103,440,1103,1925,6000,110500
5,1154,480,1154,1966,11000,154000
7,2260,533,1306,1996,14000,328000
6,1571,380,799,1993,7837,178000
6,1611,442,780,1964,9760,167900
6,2521,576,942,1973,3964,151400
5,893,576,845,1949,9600,135000
5,1048,286,1048,1956,10152,135000
6,1556,441,727,1968,11700,154000
5,1456,280,810,1948,7585,91500
6,1426,440,690,1977,7950,159500
7,1240,826,1240,2006,8556,194000
7,1740,240,800,1940,13125,219500
5,1466,566,796,1936,10800,170000
5,1096,299,1096,1969,15870,138800
6,848,420,848,2004,4435,155900
5,990,299,990,1994,8775,126000
6,1258,528,1258,1971,11040,145000
5,1040,308,1040,1963,7500,133000
7,1459,527,1459,2002,8749,192000
6,1251,461,1251,1964,8800,160000
6,1498,409,691,1995,13031,187500
6,996,564,936,1992,9069,147000
4,1092,286,546,1973,1974,83500
8,1953,1043,1082,2005,10574,252000
7,1709,380,970,2004,2522,137500
8,1247,550,1247,2005,3316,197000
3,1040,400,0,1950,8544,92900
7,1252,462,600,1999,2160,160000
6,1694,576,1181,1925,8400,136500
5,1200,884,864,1965,9230,146000
5,936,308,936,1956,5868,129000
6,1314,440,1314,2006,9317,176432
6,1355,0,684,1914,6882,127000
8,1088,461,1074,1986,3696,170000
4,1324,240,672,1936,6000,128000
7,1601,478,1271,1978,11880,157000
2,438,246,290,1920,8400,60000
5,950,280,950,1971,9758,119500
5,1134,254,1010,1960,7000,135000
6,1194,539,655,1959,8910,159500
5,1302,440,630,1970,2016,106000
8,2622,712,1463,1994,12256,325000
7,1442,719,910,1990,10357,179900
7,2021,422,868,2006,23257,274725
6,1690,463,924,2000,8063,181000
8,1836,862,1836,2004,11362,280000
6,1658,431,773,1995,8000,188000
7,1964,483,803,1976,10480,205000
5,816,308,816,1957,7100,129900
5,1008,240,1008,1953,8923,134500
5,833,326,833,1954,5400,117000
8,1734,928,1734,2007,12085,318000
8,1419,527,408,2002,7750,184100
5,894,450,894,1967,9764,130000
5,1601,300,533,1958,13825,140000
5,1040,286,1040,1959,7560,133700
6,1012,308,1012,1920,8263,118400
7,1552,782,1552,2005,10084,212900
4,960,288,672,1956,8926,112000
5,698,0,698,1947,9405,118000
7,1482,392,384,1992,9125,163900
4,1005,672,1005,1955,10434,115000
7,1555,660,1373,2007,3684,174000
7,1530,630,1530,2004,14572,259000
7,1959,434,847,2004,11796,215000
5,936,672,936,1980,7200,140000
4,1981,576,1122,1928,7804,135000
5,974,0,974,1991,10712,93500
6,2210,205,1008,1880,9900,117500
8,2020,466,1128,1995,9828,239500
6,1600,460,916,1997,8773,169000
6,986,180,960,1926,6180,102000
6,1252,288,1032,1950,9600,119000
5,1020,0,780,1875,6342,94000
6,1567,714,1567,1977,9819,196000
5,1167,495,915,1920,8731,144000
5,952,840,952,1951,7350,139000
5,1868,484,780,1976,10304,197500
8,2828,1052,1466,2006,9965,424870
5,1006,0,1006,1959,9000,80000
4,924,280,672,1941,12180,80000
5,1576,225,1042,1928,6240,149000
6,1298,403,1298,1985,11200,180000
7,1564,234,704,1941,12000,174500
7,1111,288,572,1926,5700,116900
7,1482,324,650,1920,9000,143000
6,932,306,932,1950,8280,124000
5,1466,528,1466,1959,17755,149900
6,1811,470,1073,1956,14115,230000
6,816,432,816,1930,5890,120500
7,1820,492,864,1965,13700,201800
5,1437,528,1437,1976,10768,218000
5,1265,502,1219,1965,9350,179900
7,1314,626,1314,2007,5001,230000
8,1580,830,1580,2007,11932,235128
6,1876,540,901,1974,9120,185000
6,1456,440,855,1978,2280,146000
6,1640,924,1296,1954,14778,224000
5,894,450,894,1968,8724,129000
4,1258,400,1198,1969,12900,108959
5,1432,588,1360,1978,16157,194000
7,1502,644,1502,2009,9541,233170
8,1694,776,1694,2008,10475,245350
6,1671,472,959,2000,10852,173000
6,2108,540,1127,1935,13728,235000
10,3627,807,1930,1995,35760,625000
6,1118,358,1096,1977,9880,171000
6,1261,433,1261,1958,9120,163000
7,1250,625,625,2006,4017,171900
5,3086,0,1598,1946,18030,200500
6,2345,360,952,1932,16560,239000
8,2872,541,1683,1992,10678,285000
5,923,264,876,1984,6951,119500
6,1224,210,818,1926,3950,115000
5,1343,186,731,1921,7681,154900
5,1124,0,0,1954,8335,93000
7,2514,693,1216,1990,11170,250000
8,1652,482,1600,2008,5587,392500
10,4476,813,2396,1996,15623,745000
5,1130,720,1120,1920,10800,120000
5,1572,995,1572,1963,35133,186700
5,1221,392,784,1924,9738,104900
3,1699,420,978,1900,10615,95000
8,1624,757,1624,1994,12461,262000
7,1660,493,831,2002,8935,195000
7,1804,442,994,1999,7500,189000
4,1622,1356,1249,1961,32463,168000
8,1441,492,776,1999,2645,174000
5,1472,250,702,1925,9600,125000
6,1224,402,1224,1999,4500,165000
6,1352,299,663,1969,9364,158000
6,1456,400,728,2005,8029,176000
7,1863,660,879,2006,14054,219210
7,1690,225,815,1916,8850,144000
7,1212,573,1212,2001,9100,178000
4,1382,459,1051,1963,11235,148000
4,864,280,864,1970,9353,116050
7,1779,546,866,1998,10400,197900
5,1348,216,884,1925,6000,117000
7,1630,451,1630,2000,9750,213000
5,1074,495,1056,1975,10140,153500
7,2196,701,2158,1990,14684,271900
4,1056,384,1056,1966,8900,107000
6,1700,544,1682,2003,9135,200000
5,1283,506,931,1962,7763,140000
8,1660,500,1660,2006,10182,290000
6,1845,462,1055,1992,11218,189000
8,1752,492,559,1988,12134,164000
4,672,234,672,1941,9340,113000
4,960,364,648,1965,10246,145000
5,999,300,925,1962,10205,134500
5,894,384,894,1966,7094,125000
6,1902,539,0,1978,8930,112000
8,1314,552,1300,2009,8640,229456
4,912,0,0,1947,6240,80500
6,1218,0,672,1971,1680,91500
5,912,288,912,1964,7800,115000
5,1211,322,952,1968,8250,134000
6,1846,315,1040,1949,10496,143000
5,2136,528,2136,1951,10680,137900
7,1490,388,788,2004,15384,184000
6,1138,264,588,1958,10482,145000
6,1933,668,894,2007,14598,214000
5,912,576,912,1965,8872,147000
9,1702,1052,1702,2008,8769,367294
5,1507,404,1075,1960,7910,127000
5,2620,600,1361,1977,18890,190000
5,1190,540,1106,1962,7728,132500
4,1224,462,0,1962,9842,101800
5,1188,531,1188,1959,12160,142000
5,1964,0,940,1911,8525,130000
5,1784,180,747,1914,13132,138887
7,1626,474,764,2003,2628,175500
7,1948,434,847,2004,12393,195000
6,1141,484,1141,2005,13072,142500
8,1484,472,1476,2006,9037,265900
7,1768,543,884,2003,8158,224900
7,1689,954,1689,2007,9849,248328
7,1173,528,1053,1974,10625,170000
10,2076,850,2076,2006,13891,465000
8,1517,400,792,1929,11435,230000
6,1868,477,585,1984,12090,178000
7,1553,615,756,2005,8125,186500
6,1034,888,1012,1976,12328,169900
6,2058,396,735,1917,9600,129500
5,988,276,876,1950,7200,119000
7,2110,522,2110,1968,11160,244000
7,1405,478,1405,2003,3136,171750
5,874,288,864,1968,9858,130000
7,2167,518,1192,1974,17542,294000
7,1656,397,746,2003,6931,165400
6,1367,560,884,1931,6240,127500
8,1987,691,1986,1994,14303,301500
5,864,0,864,1922,4060,99900
7,1166,400,856,2005,9587,190000
6,1054,460,1054,1969,9750,151000
6,1675,502,841,1999,24682,181000
5,1050,338,1050,1956,9600,128900
4,1788,304,1104,1957,11250,161500
6,1824,520,764,1919,13515,180500
6,1337,511,1405,1998,4060,181000
7,1452,506,691,1999,3735,183900
7,1889,308,925,1910,10120,122000
9,2018,746,2002,2008,13214,378500
8,3447,1014,728,1935,14100,381000
5,1524,315,874,1958,11344,144000
7,1524,586,1332,1979,23595,260000
6,1489,462,1489,1968,9156,185750
5,935,288,935,1965,13526,137000
6,1357,312,1019,1959,11512,177000
5,1250,552,661,1910,5362,139000
5,1920,400,928,1948,11345,137000
6,1395,497,723,1972,12936,162000
6,1724,480,1680,1967,17871,197900
8,2031,577,1128,2002,9473,237000
4,1128,528,698,1920,7500,68400
7,1573,544,1573,2002,9808,227000
7,1339,484,1309,1990,8049,180000
5,1040,484,1040,1977,8800,150500
6,1824,0,912,1971,9400,139000
6,2447,336,804,1919,9638,169000
6,1412,280,780,1939,6000,132500
6,1328,528,1328,1963,9790,143000
5,1582,390,1624,1964,36500,190000
8,1659,499,1501,2000,5664,278000
8,1970,753,1085,2006,11065,281000
5,1152,484,1152,1964,14112,180500
5,1302,264,630,1972,1680,119500
5,2372,432,994,1892,6600,107500
7,1664,528,832,1976,10140,162900
5,864,572,864,1955,8172,115000
5,1052,288,1052,1968,8400,138500
5,1128,525,1120,1963,8700,155000
6,1072,525,547,2005,3675,140000
10,5642,1418,6110,2008,63887,160000
5,1246,305,1246,1959,7500,154000
7,1983,490,978,1999,10762,225000
6,1494,213,771,1942,7500,177500
8,2526,844,1165,1994,10120,290000
7,1616,834,1616,2005,8688,232000
7,1708,380,976,2004,3363,130000
9,1652,840,1652,2006,13173,325000
7,1368,474,1368,2005,6955,202500
5,990,480,990,1994,8072,138000
5,1122,528,924,1948,12000,147000
6,1294,496,1278,1991,7153,179200
7,1902,567,1902,1959,17500,335000
7,1274,508,1274,2005,8814,203000
8,2810,750,1453,1990,9572,302000
9,2599,779,1393,1999,14774,333168
4,948,280,948,1954,8190,119000
6,2112,576,952,1969,11075,206900
8,1630,860,1622,2008,10226,295493
7,1352,466,1352,2006,4230,208900
8,1787,748,1753,2001,14781,275000
4,948,248,864,1954,10215,111000
6,1478,442,1478,1957,8400,156500
3,720,287,0,1949,6627,72500
7,1923,564,750,1992,10186,190000
4,708,0,420,1940,5330,82500
8,1795,895,1795,2006,9986,147000
4,796,0,796,1922,3636,55000
3,774,0,544,1931,4270,79000
5,816,264,816,1982,6600,130500
6,2792,520,1510,1920,10440,256000
7,1632,462,935,1998,9084,176500
8,1588,825,1588,2006,10000,227000
5,954,576,911,1976,10780,132500
4,816,288,816,1938,8877,100000
5,1360,297,803,1938,7200,125500
5,1365,440,765,1970,2368,125000
6,1334,630,1350,1977,9650,167900
5,1656,506,1656,1973,9246,135000
4,693,0,693,1941,4118,52500
7,1861,492,916,2002,13450,200000
5,864,288,864,1972,9560,128500
4,872,480,858,1971,8294,123000
6,1114,576,1114,2003,13695,155000
8,2169,647,1284,2002,9375,228500
6,1913,342,896,1928,7558,177000
7,1456,440,728,2006,11103,155835
4,960,308,960,1920,6000,108500
7,2156,508,1568,1968,20781,262500
8,1776,712,1732,2006,15306,283463
7,1494,514,1482,1998,16196,215000
8,2358,0,684,1872,5250,122000
5,2634,968,1248,1969,11643,200000
6,1716,490,858,1962,9247,171000
6,1176,624,698,1937,6000,134900
8,3238,666,2033,1995,14720,410000
7,1865,839,992,2000,10316,235000
7,1920,487,570,1968,10192,170000
5,892,264,864,1966,9477,110000
5,1078,500,1078,1971,12537,149900
6,1573,440,756,2000,2117,177500
9,1980,770,1980,2004,16737,315000
5,2601,621,612,1921,9842,189000
7,1530,430,1530,2005,16158,260000
4,1738,368,715,1920,12513,104900
6,1412,432,616,2006,8499,156932
7,1200,480,600,2005,3180,144152
7,1674,663,814,2000,7500,216000
7,1790,588,873,1999,9179,193000
5,1475,336,757,1977,2665,127000
6,848,420,848,2003,4435,144000
8,1668,502,1657,2003,10635,232000
4,1374,338,840,1920,5400,105000
6,1661,377,992,1955,9600,165500
7,2097,583,1108,1998,9750,274300
10,2633,804,2633,2001,11400,466500
7,1958,936,1026,2005,10625,250000
8,1571,722,1571,2007,10991,239000
6,790,160,768,1930,6292,91000
5,1604,660,984,1941,10998,117000
6,987,264,483,1973,1953,83000
5,1394,400,384,2006,9735,167500
3,864,200,864,1914,8212,58500
6,2117,550,1205,1970,12925,237500
7,1762,576,596,1920,7200,157000
5,1416,576,816,1918,25339,112000
6,1258,280,560,1939,9060,105000
4,1154,240,796,1922,5436,125500
7,2784,564,1392,1978,16692,250000
6,2526,216,714,1916,8520,136000
9,1746,758,1746,2006,14892,377500
6,1218,440,735,1941,6000,131000
7,1525,541,1525,2000,9100,235000
5,1584,792,1584,1967,8944,124000
5,900,288,864,1967,7838,123000
6,1912,672,482,1905,10800,163000
7,1500,648,1356,2006,4045,246578
8,2482,642,1094,2005,12665,281213
5,1687,572,747,1948,57200,160000
5,1513,180,939,1920,6120,137500
5,1904,240,1208,1950,7200,138000
6,1608,216,976,1925,6171,137450
6,1158,208,862,1929,6000,120000
6,1593,398,839,2004,7415,193000
7,1294,662,1286,2006,6762,193879
8,1464,754,1485,2007,15256,282922
3,1214,936,672,1915,10410,105000
8,1646,482,1594,2004,3842,275000
5,768,396,768,1972,8445,133000
5,833,0,833,1985,8780,112000
4,1363,528,622,1910,7740,125500
7,2093,542,791,1986,20544,215000
7,1840,622,944,2001,12420,230000
6,1668,271,856,1950,9600,140000
4,1040,420,0,1949,7200,90000
8,1844,620,1844,2005,10994,257000
6,1848,370,833,1923,13053,207000
7,1569,660,1386,2007,3635,175900
4,2290,560,777,1885,11340,122500
8,2450,1069,1284,1998,16545,340000
5,1144,336,1144,1963,9204,124000
6,1844,540,1844,1969,16381,223000
6,1416,776,708,1968,11700,179900
6,1069,440,1069,1977,4043,127500
6,848,420,848,2003,4435,136500
6,2201,432,697,1966,19690,274970
5,1344,484,1024,1958,9503,144000
6,1252,528,1252,1959,10721,142000
7,2127,525,1223,1994,10944,271000
5,1558,288,913,1945,10930,140000
5,804,240,788,1940,7200,119000
6,1440,467,1440,1981,12546,182900
5,1838,372,732,2005,21930,192140
6,958,440,958,1976,4928,143750
4,968,216,656,1927,10800,64500
6,1792,451,936,2000,10261,186500
5,1126,484,1126,1977,17400,160000
6,1537,462,1319,1962,8400,174000
4,864,528,864,1971,9000,120500
8,1932,774,1932,2008,12444,394617
6,1236,923,912,1957,7407,149700
7,1725,550,539,1979,11584,197000
6,2555,672,588,1922,11526,191000
6,848,420,848,2004,4426,149300
10,2007,812,1017,2008,11003,310000
6,952,192,952,1916,8854,121000
7,1422,626,1422,2004,8500,179600
6,913,240,814,1966,8400,129000
5,1188,312,1188,1962,26142,157900
8,2090,556,1220,1995,10000,240000
4,1346,384,560,1910,11767,112000
5,630,0,630,1970,1533,92000
5,1792,0,896,1974,9000,136000
8,1578,840,1573,2008,9262,287090
5,1072,525,547,2005,3675,145000
5,1140,0,1140,2006,17217,84500
7,1221,400,1221,2004,7500,185000
6,1647,460,953,1999,7917,175000
6,2073,500,1542,1978,13175,210000
7,2340,252,1152,1941,9042,266500
5,1078,240,1078,1950,9717,142125
5,1256,276,1256,1965,9937,147500
