1stFlrSF,BedroomAbvGr,BsmtExposure,BsmtFinType1,GarageFinish,GarageYrBlt,GrLivArea,KitchenQual,LotArea,LotFrontage,OverallCond,OverallQual,TotalBsmtSF,YearBuilt,SalePrice,Has2ndFloor,HasMasVnr,HasOpenPorch,HasGarage,HasFinBsmt,ModsMade
856,3,1,6,2,2003,1710,3,8450,65,5,7,856,2003,208500,1,1,1,1,1,0
1262,3,4,5,2,1976,1262,2,9600,80,8,6,1262,1976,181500,0,0,0,1,1,0
920,3,2,6,2,2001,1786,3,11250,68,5,7,920,2001,223500,1,1,1,1,1,1
961,5,1,5,1,1998,1717,3,9550,60,5,7,756,1915,140000,0,0,1,1,1,1
1145,4,3,6,2,2000,2198,3,14260,84,5,8,1145,2000,250000,0,1,1,1,1,0
796,1,1,6,1,1993,1362,2,14115,85,5,5,796,1993,143000,1,0,1,1,1,1
1694,3,3,6,2,2004,1694,3,10084,75,5,8,1686,2004,307000,0,1,1,1,1,1
1107,3,2,5,1,1973,2090,2,10382,70,6,7,1107,1973,200000,1,1,1,1,1,0
1022,2,1,1,1,1931,1774,2,6120,51,5,7,952,1931,129900,1,0,0,1,0,1
1077,2,1,6,2,1939,1077,2,7420,50,6,5,991,1939,118000,0,0,1,1,1,1
1040,3,1,3,1,1965,1040,2,11200,70,5,5,1040,1965,129500,0,0,0,1,1,0
1182,4,1,6,3,2005,2324,4,11924,85,5,9,1175,2005,345000,1,1,1,1,1,1
912,2,1,5,1,1962,912,2,12968,88,6,5,912,1962,144000,0,0,0,1,1,0
1494,3,3,1,2,2006,1494,3,10652,91,5,7,1494,2006,279500,0,1,1,1,0,1
1253,4,1,4,2,1960,1253,2,10920,56,5,6,1253,1960,157000,0,1,1,1,1,0
854,2,1,1,1,1991,854,2,6120,51,8,7,832,1929,132000,0,0,1,1,0,1
1004,2,1,5,3,1970,1004,2,11241,21,7,6,1004,1970,149000,0,1,0,1,1,0
1296,2,0,0,1,1967,1296,2,10791,72,5,4,0,1967,90000,0,0,0,1,1,0
1114,4,1,6,1,2004,1114,3,13695,66,5,5,1114,2004,159000,0,0,1,1,1,0
1339,3,1,2,1,1958,1339,2,7560,70,6,5,1029,1958,139000,0,0,0,1,1,1
1158,4,3,1,2,2005,2376,3,14215,101,5,8,1158,2005,325300,1,1,1,1,0,1
1108,3,1,1,1,1930,1108,3,7449,57,7,7,637,1930,139400,0,0,0,1,0,1
1795,3,1,5,2,2002,1795,3,9742,75,5,8,1777,2002,230000,0,1,1,1,0,0
1060,3,1,6,1,1976,1060,2,4224,44,7,5,1040,1976,129900,0,0,1,1,1,0
1060,3,2,3,1,1968,1060,3,8246,76,8,5,1060,1968,154000,0,0,1,1,1,1
1600,3,1,1,2,2007,1600,3,14230,110,5,8,1566,2007,256300,0,1,1,1,0,0
900,3,2,1,1,2005,900,3,7200,60,7,5,900,1951,134800,0,0,1,1,1,1
1704,3,1,6,2,2008,1704,3,11478,98,5,8,1704,2007,306000,0,1,1,1,1,1
1600,2,4,4,2,1957,1600,2,16321,47,6,5,1484,1957,207500,0,0,1,1,1,1
520,1,1,1,1,1920,520,1,6324,60,6,4,520,1927,68500,0,0,0,1,0,1
649,3,1,1,1,1920,1317,2,8500,50,4,4,649,1920,40000,1,0,1,1,0,1
1228,3,1,1,1,1966,1228,3,8544,64,6,5,1228,1966,149350,0,0,1,1,0,1
1234,3,3,1,2,2007,1234,3,11049,85,5,8,1234,2007,179900,0,0,1,1,0,0
1700,4,1,3,2,1959,1700,3,10552,70,5,5,1398,1959,165500,0,0,1,1,1,0
1561,2,1,6,3,2005,1561,4,7313,60,5,9,1561,2005,277500,0,1,1,1,1,0
1132,4,3,1,2,2004,2452,3,13418,108,5,8,1117,2004,309000,1,1,1,1,0,1
1097,3,1,1,1,1995,1097,2,10859,112,5,5,1097,1994,145000,0,0,1,1,0,1
1297,3,1,3,3,1954,1297,2,8532,74,6,5,1297,1954,153000,0,1,0,1,1,1
1057,3,1,6,1,1953,1057,3,7922,68,7,5,1057,1953,109000,0,0,1,1,1,1
1152,3,0,0,0,1955,1152,1,6040,65,5,4,0,1955,82000,0,0,0,0,1,0
1324,3,1,3,2,1965,1324,2,8658,84,5,6,1088,1965,160000,0,1,1,1,1,0
1328,2,4,4,1,1959,1328,2,16905,115,6,5,1350,1959,170000,0,0,1,1,1,0
884,2,3,5,2,1983,884,3,9180,60,7,5,840,1983,144000,0,0,0,1,1,0
938,3,3,2,1,1977,938,2,9200,80,6,5,938,1975,130250,0,0,0,1,1,1
1150,3,1,5,2,1959,1150,2,7945,70,6,5,1150,1959,141000,0,0,0,1,1,0
1752,2,1,6,2,2005,1752,4,7658,61,5,9,1752,2005,319900,0,1,1,1,1,0
1518,1,1,6,2,2003,2149,3,12822,48,5,7,1434,2003,239686,1,0,1,1,1,0
1656,3,3,6,2,2006,1656,3,11096,84,5,8,1656,2006,249700,0,0,1,1,1,0
736,2,1,1,0,1920,1452,2,4456,33,5,4,736,1920,113000,1,0,0,0,0,1
955,3,1,4,1,1966,955,2,7742,66,7,5,955,1966,127000,0,0,0,1,1,0
794,3,3,6,3,1997,1470,2,13869,103,6,6,794,1997,177000,1,0,1,1,1,0
816,3,1,1,1,1985,1176,2,6240,52,6,6,816,1934,114500,0,0,0,1,0,1
816,2,4,2,1,1963,816,2,8472,110,5,5,816,1963,110000,0,0,0,1,1,0
1842,0,4,6,3,1981,1842,3,50271,68,5,9,1842,1981,385000,0,0,1,1,1,1
1360,3,1,5,1,1962,1360,2,7134,60,5,5,384,1955,130000,0,0,1,1,1,0
1425,3,1,6,2,1964,1425,2,10175,100,5,6,1425,1964,180500,0,1,0,1,1,0
983,3,1,6,3,1999,1739,3,2645,24,5,8,970,1999,172500,1,1,0,1,1,1
860,3,1,1,2,2004,1720,3,11645,89,5,7,860,2004,196500,0,0,1,1,0,0
1426,3,4,1,3,2006,2945,3,13682,66,5,10,1410,2006,438780,1,1,0,1,0,0
780,2,3,5,1,1973,780,2,7200,60,7,5,780,1972,124900,0,0,0,1,1,0
1158,3,1,5,1,2006,1158,3,13072,63,5,6,1158,2004,158000,0,0,1,1,1,0
581,3,1,1,1,1935,1111,1,7200,60,7,5,530,1920,101000,1,0,0,1,0,1
1370,2,2,6,2,2006,1370,3,6442,44,5,8,1370,2006,202500,0,1,1,1,1,0
902,3,1,1,1,1990,1710,2,10300,50,6,7,576,1921,140000,1,0,1,1,0,1
1057,2,1,6,2,1998,2034,3,9375,50,5,7,1057,1997,219500,1,1,1,1,1,1
1143,4,3,1,2,2004,2473,3,9591,76,5,8,1143,2004,317000,1,1,1,1,0,1
2207,3,4,6,2,1970,2207,2,19900,50,5,7,1947,1970,180000,0,1,0,1,1,1
1479,3,3,6,2,2003,1479,3,10665,72,5,7,1453,2003,226000,0,1,1,1,1,0
747,2,1,1,1,1945,747,2,4608,47,6,4,747,1945,80000,0,0,0,1,0,1
1304,4,1,4,3,1953,2287,2,15593,81,4,7,1304,1953,225000,1,0,1,1,1,0
2223,3,4,5,3,1973,2223,2,13651,95,6,7,2223,1973,244000,0,1,0,1,1,0
845,2,1,5,1,1987,845,2,7599,69,6,4,845,1982,129500,0,0,0,1,1,1
885,3,1,1,3,1998,1718,2,10141,74,5,7,832,1998,185000,1,1,1,1,0,0
1086,3,1,5,1,1989,1086,2,10200,85,7,5,1086,1954,144900,0,1,0,1,1,1
840,3,1,1,1,1915,1605,2,5790,60,6,3,840,1915,107400,1,0,0,1,0,1
526,2,4,6,1,1973,988,2,1596,21,5,4,462,1973,91000,1,0,1,1,1,0
952,2,1,5,1,1956,952,2,8475,50,7,4,952,1956,135750,0,0,0,1,1,0
1072,2,1,4,1,1948,1285,2,8635,50,5,5,672,1948,127000,1,0,0,1,1,1
1768,4,1,1,0,1968,1768,2,10778,72,5,4,1768,1968,136500,0,0,0,0,0,0
682,2,1,1,1,1966,1230,2,10440,60,6,5,440,1910,110000,1,0,0,1,0,1
1182,3,1,3,3,1968,2142,3,13000,100,6,6,896,1968,193500,1,1,1,1,1,0
1337,2,1,6,3,1998,1337,2,4500,32,5,6,1237,1998,153500,0,1,1,1,1,0
1563,3,1,6,2,2007,1563,3,10206,78,5,8,1563,2007,245000,0,1,1,1,1,0
1065,3,1,1,1,1974,1065,2,8892,80,5,5,1065,1960,126500,0,1,0,1,0,0
804,3,1,1,3,1995,1474,2,8530,52,5,7,384,1995,168500,1,1,1,1,0,1
1301,4,1,1,1,1991,2417,3,16059,121,5,8,1288,1991,260000,1,1,1,1,0,1
684,3,3,1,3,2005,1560,3,11911,122,5,6,684,2005,174000,1,0,1,1,0,0
612,3,3,1,2,2009,1224,3,3951,40,5,6,612,2009,164500,1,1,1,1,0,0
1013,2,1,1,0,1915,1526,1,8470,105,2,3,1013,1915,85000,0,0,0,0,0,1
990,3,1,2,0,1994,990,2,8070,60,5,4,990,1994,123600,0,0,0,0,1,1
1040,2,0,1,1,1950,1040,2,7200,60,5,4,0,1950,109900,0,0,1,1,0,0
1235,2,1,3,1,1961,1235,2,8500,85,3,5,1235,1961,98600,0,1,0,1,1,0
964,2,1,5,1,1921,964,2,13360,80,7,5,876,1921,163500,0,0,0,1,1,1
1260,4,2,3,1,1900,2291,2,7200,60,6,6,1214,1910,133900,1,0,0,1,1,1
905,3,1,6,2,1997,1786,3,9337,69,5,6,824,1997,204750,1,0,1,1,1,0
680,3,1,1,3,1993,1470,2,9765,43,8,6,680,1993,185000,1,1,1,1,1,0
1588,2,3,5,2,1999,1588,3,10264,78,5,7,1588,1999,214000,0,1,1,1,1,0
960,3,1,3,3,1965,960,2,10921,73,5,4,960,1965,94750,0,1,0,1,1,0
835,2,1,5,1,1920,835,2,10625,85,5,5,458,1920,83000,0,0,0,1,1,1
1225,3,1,5,0,1959,1225,2,9320,77,5,4,950,1959,128950,0,0,0,0,1,0
1610,3,2,5,2,1977,1610,3,10603,100,7,6,1610,1977,205000,0,1,1,1,1,1
977,3,1,6,3,1985,1732,3,9206,77,5,6,741,1985,178000,1,1,1,1,0,0
1535,4,0,0,1,1979,1535,2,7018,64,5,5,0,1979,118964,0,0,0,1,1,0
1226,2,1,1,2,2009,1226,3,10402,94,5,7,1226,2009,198900,0,0,1,1,0,0
1226,4,1,2,1,1951,1818,2,7758,85,4,7,1040,1931,169500,1,1,0,1,1,1
1053,3,1,1,2,2003,1992,3,9375,75,5,8,1053,2003,250000,0,1,1,1,0,1
1047,2,1,1,1,1954,1047,2,10800,60,7,4,641,1885,100000,0,0,0,1,0,1
789,2,1,5,1,1948,789,2,6000,50,5,5,789,1948,115000,0,0,0,1,1,1
997,3,1,1,0,1919,1517,1,8500,85,7,5,793,1919,115000,0,0,0,0,0,1
1844,3,1,4,2,1977,1844,2,11751,105,6,6,1844,1977,190000,0,1,1,1,1,0
1216,4,1,3,1,1954,1855,2,9525,75,4,6,994,1954,136900,1,0,0,1,1,1
774,3,1,6,3,2000,1430,2,7750,69,5,7,384,2000,180000,1,0,0,1,1,0
1282,4,3,6,2,2007,2696,4,9965,77,5,7,1264,2007,383970,1,1,1,1,1,0
2259,3,2,6,1,1953,2259,3,21000,74,5,6,1809,1953,217000,0,1,1,1,1,0
1436,3,1,5,1,1945,2320,3,7259,61,8,6,1028,1945,259500,1,0,0,1,1,1
729,2,1,6,1,1999,1458,2,3230,34,5,6,729,1999,176000,1,1,1,1,1,0
1092,3,1,2,1,1962,1092,2,11616,60,5,5,1092,1962,139000,0,1,1,1,1,0
1125,2,1,1,1,2007,1125,2,8536,74,5,5,1125,2006,155000,0,0,1,1,0,1
1699,5,2,6,1,1990,3222,3,12376,90,5,7,1673,1990,320000,1,0,0,1,1,0
728,3,1,1,3,2005,1456,3,8461,65,5,6,728,2005,163990,1,0,1,1,0,1
988,1,4,5,1,1969,988,2,21453,40,5,6,938,1969,180000,0,0,1,1,1,0
772,3,1,1,1,1979,1123,2,6060,50,5,4,732,1939,100000,1,0,0,1,0,1
1080,3,1,4,1,1958,1080,2,9464,75,7,6,1080,1958,136000,0,1,0,1,1,0
1199,2,1,6,2,1993,1199,3,7892,55,5,6,1199,1993,153900,0,0,1,1,1,0
1586,3,1,1,1,1979,1586,2,17043,48,5,6,1362,1979,181000,0,0,0,1,0,1
520,2,3,6,1,1935,754,2,6780,60,8,6,520,1935,84500,0,0,0,0,1,1
958,2,1,5,2,1977,958,2,4928,50,5,6,1078,1976,128000,0,0,1,1,1,0
840,3,1,2,0,1930,840,2,4388,55,7,5,672,1930,87000,0,0,0,0,1,1
660,3,1,4,2,1966,1348,2,7590,69,5,6,660,1966,155000,1,1,1,1,1,0
1053,3,1,3,2,1998,1053,4,8973,69,7,5,1008,1958,150000,0,1,1,1,1,1
1216,4,1,3,1,1966,2157,3,14200,88,6,7,924,1966,226000,1,1,1,1,1,0
1022,3,1,6,2,2000,2054,3,12224,76,5,6,992,2000,244000,1,1,1,1,1,0
1327,2,1,3,1,1974,1327,3,7388,75,6,5,1063,1959,150750,0,0,0,1,1,1
1296,2,1,6,3,2001,1296,3,6853,43,5,8,1267,2001,220000,0,1,1,1,1,1
1721,3,1,3,2,1968,1721,2,10335,78,6,5,1461,1968,180000,0,0,1,1,1,1
1682,3,1,1,1,1970,1682,2,10400,80,6,7,1304,1970,174000,0,1,0,1,0,0
1214,3,1,4,2,1967,1214,2,10355,34,5,5,1214,1967,143000,0,1,1,1,1,0
1959,5,1,1,1,1989,1959,2,11070,82,5,7,1907,1988,171000,0,1,0,1,0,1
1004,3,2,6,3,1999,1852,3,9066,73,5,8,1004,1999,230000,1,1,1,1,1,1
928,3,1,6,2,1997,1764,3,15426,65,5,6,928,1997,231500,1,0,1,1,1,0
864,3,1,5,0,1971,864,2,10500,70,5,4,864,1971,115000,0,0,0,0,1,0
1734,3,3,6,2,2005,1734,3,11645,78,5,7,1734,2005,260000,0,0,1,1,1,0
910,4,1,3,1,2000,1385,2,8520,71,4,5,910,1952,166000,0,0,0,1,1,0
1501,3,4,6,2,1999,1501,3,10335,78,5,7,1490,1999,204000,0,1,1,1,1,0
1728,6,1,3,1,1963,1728,2,9100,70,5,5,1728,1963,125000,0,1,0,1,1,0
970,3,1,1,1,2004,1709,3,2522,24,5,6,970,2004,130000,1,1,1,1,0,1
875,2,1,4,1,1931,875,2,6120,51,7,5,715,1931,105000,0,0,0,1,1,1
884,3,1,1,3,2001,2035,3,9505,75,5,7,884,2001,222500,1,1,1,1,0,0
1080,3,1,6,0,2004,1080,3,7500,63,5,7,1080,2004,141000,0,1,0,0,1,1
896,3,1,1,1,1936,1344,2,6240,50,4,5,896,1936,115000,1,0,1,1,0,1
969,3,3,4,1,1975,969,2,10356,120,6,5,969,1975,122000,0,0,0,1,1,0
1710,2,4,4,2,2007,1710,3,13891,107,5,8,1710,2007,372402,0,1,1,1,1,1
1097,4,1,3,2,1971,1993,2,14803,59,5,6,825,1971,190000,1,1,1,1,1,0
1252,1,4,4,2,1960,1252,2,13500,60,7,6,1602,1960,235000,0,0,0,1,1,1
1200,4,1,1,1,1923,1200,2,11340,84,5,6,1200,1923,125000,0,0,0,1,0,1
572,2,1,1,0,1924,1096,2,9600,60,5,6,572,1924,79000,1,0,1,0,0,1
1040,2,0,0,1,1950,1040,2,7200,60,7,5,0,1950,109500,0,0,0,1,1,0
774,4,1,1,3,2009,1968,4,12003,92,5,8,774,2009,269500,1,1,1,1,0,1
991,3,1,6,2,2004,1947,3,12552,100,5,7,991,2004,254900,1,0,1,1,1,1
1392,4,2,6,2,2006,2462,3,19378,134,5,7,1392,2005,320000,1,1,1,1,1,1
1232,3,1,4,1,1984,1232,2,11120,141,6,6,1232,1984,162500,0,0,0,1,1,0
1572,3,3,6,3,2003,2668,4,13688,110,5,9,1572,2003,412500,1,1,0,1,1,1
1541,3,2,3,2,2005,1541,3,12182,95,5,7,1541,2005,220000,0,1,1,1,1,0
882,1,1,1,0,1956,882,2,5500,55,6,4,882,1956,103200,0,0,0,0,0,0
1149,3,2,2,1,1926,1616,3,5400,40,7,6,1149,1926,152000,1,0,0,1,1,1
808,4,1,5,0,1940,1355,2,10106,62,7,5,644,1940,127500,1,0,0,0,1,1
1867,2,1,2,3,1955,1867,2,10708,43,5,5,1617,1955,190000,0,0,0,1,1,1
1610,3,1,6,3,2007,2161,4,10562,86,5,8,1582,2007,325624,1,1,1,1,1,0
840,3,1,1,3,2004,1720,3,8244,62,5,7,840,2004,183500,1,0,1,1,0,0
1707,2,1,1,2,1981,1707,2,16669,90,6,8,1686,1981,228000,0,1,1,1,0,0
854,2,1,3,1,1991,1382,2,12358,60,6,5,720,1941,128500,0,0,0,1,1,1
1656,3,4,4,3,1960,1656,2,31770,141,5,6,1080,1960,215000,0,1,1,1,1,0
1064,2,1,6,2,1987,1767,3,5306,44,7,7,1064,1987,239000,1,0,1,1,1,0
1362,3,1,5,2,1961,1362,2,10197,80,5,6,1362,1961,163000,0,1,1,1,1,0
1651,3,1,5,3,1986,1651,2,12416,47,5,6,1606,1986,184000,0,1,0,1,1,0
2158,4,3,5,1,1950,2158,3,12615,84,7,6,1202,1950,243000,0,0,1,1,1,1
1164,4,1,6,2,1988,2060,2,10029,97,5,6,1151,1988,211000,1,1,1,1,1,1
1252,4,1,5,1,1958,1920,3,13650,45,5,5,1052,1958,172500,1,0,0,1,1,0
2234,1,1,6,3,2009,2234,4,17423,63,5,9,2216,2008,501837,0,1,1,1,1,1
968,2,1,1,1,1935,968,2,8520,60,6,5,968,1923,100000,0,0,0,1,0,1
769,3,1,6,1,2000,1525,3,2117,74,5,6,756,2000,177000,1,1,0,1,1,0
901,4,1,2,1,1920,1802,2,7588,54,6,7,793,1920,200100,1,0,0,1,1,1
1340,3,0,2,1,1957,1340,2,9060,60,6,5,0,1957,120000,0,1,0,1,1,1
1362,3,1,1,1,2003,2082,3,11426,63,5,7,1362,2003,200000,1,0,1,1,0,0
936,3,1,1,1,1986,1252,2,7438,92,8,5,504,1908,127000,1,0,0,1,0,1
1518,4,2,1,1,1993,3608,4,22950,90,9,10,1107,1892,475000,1,0,1,1,0,1
1217,3,3,6,1,1990,1217,3,9947,69,5,7,1188,1990,173000,0,0,1,1,1,1
808,3,1,1,1,1916,1656,2,10410,60,7,5,660,1916,135000,1,0,0,1,0,1
1224,2,3,6,1,1979,1224,2,7018,64,5,5,1086,1979,153337,0,1,0,1,1,0
1593,0,3,6,3,2001,1593,4,4923,41,5,8,1593,2001,286000,0,0,1,1,1,1
1549,3,1,3,1,1932,2727,3,10570,70,8,8,853,1932,315000,1,0,1,1,1,1
725,4,1,5,3,1972,1479,3,7472,110,9,7,725,1972,184000,1,1,1,1,1,1
1431,3,3,6,3,1999,1431,3,9017,68,5,7,1431,1999,192000,0,0,1,1,1,0
970,4,1,1,1,2004,1709,3,2522,24,5,7,970,2004,130000,1,1,1,1,0,0
864,3,3,5,1,1989,864,2,7180,60,7,5,864,1972,127000,0,0,0,1,1,0
855,3,1,5,1,1976,1456,2,2280,24,6,6,855,1976,148500,0,0,0,1,1,0
1726,3,1,1,2,2007,1726,4,9416,79,5,7,1726,2007,311872,0,1,1,1,1,0
1360,3,1,1,1,1918,3112,3,25419,174,4,8,1360,1918,235000,1,0,1,1,1,1
929,5,1,1,0,1912,2229,2,5520,92,6,6,755,1912,104000,1,0,1,0,0,1
1713,3,3,6,3,2004,1713,4,9591,76,5,8,1713,2004,274900,0,1,1,1,1,1
1121,2,1,1,2,2003,1121,2,8546,80,5,4,1121,2003,140000,0,0,1,1,0,1
1279,3,1,5,1,1980,1279,2,10125,75,6,6,1196,1977,171500,0,0,1,1,1,0
865,2,1,2,1,1924,1310,2,7000,50,6,6,617,1924,112000,1,0,0,1,1,1
848,1,3,6,2,2004,848,3,4438,54,5,6,848,2004,149000,0,1,0,1,1,0
720,2,1,2,1,1948,1284,2,3500,50,7,5,720,1947,110000,1,0,1,1,1,1
1442,3,1,1,2,1990,1442,2,11851,99,5,7,1424,1990,180500,0,0,1,1,0,0
1696,3,1,1,2,1962,1696,2,13673,40,5,5,1140,1962,143900,0,0,1,1,0,0
1100,3,1,5,2,1960,1100,2,12493,73,5,4,1100,1960,141000,0,0,0,1,1,0
1180,3,4,6,2,1988,2062,2,14364,50,5,7,1157,1988,277000,0,1,1,1,1,1
1092,3,1,3,2,1964,1092,2,8250,75,7,6,1092,1964,145000,0,1,0,1,1,0
864,2,1,3,0,1925,864,2,5604,67,6,5,864,1925,98000,0,0,0,0,1,1
1212,3,2,6,2,2009,1212,3,10420,83,5,6,1212,2009,186000,0,0,1,1,1,0
932,3,1,6,2,2009,1852,3,8640,72,5,7,900,2009,252678,1,0,1,1,1,0
990,3,1,5,1,1996,990,2,13568,43,5,5,990,1995,156000,0,0,0,1,1,0
689,3,1,6,3,1977,1392,2,10900,60,7,6,689,1977,161750,1,1,1,1,1,0
1236,2,1,4,1,1957,1236,3,10011,72,6,5,1070,1957,134450,0,1,0,1,1,1
1436,3,2,6,2,2004,1436,3,8450,65,5,7,1436,2004,210000,0,1,1,1,1,0
810,3,1,1,1,1940,1328,2,9906,57,4,4,686,1925,107000,1,0,1,1,0,1
1137,3,1,4,1,1939,1954,3,15660,120,9,7,798,1939,311500,1,1,1,1,1,1
1248,2,3,6,3,2005,1248,3,3010,43,5,7,1248,2005,167240,0,1,0,1,1,1
1498,2,2,1,2,2006,1498,3,8990,73,5,7,1498,2006,204900,0,0,1,1,0,0
1010,4,1,1,2,2002,2267,3,8068,95,5,6,1010,2002,200000,1,0,1,1,0,0
811,3,1,5,2,1975,1552,2,11475,85,6,6,713,1975,179900,1,0,1,1,1,0
864,2,1,5,1,1989,864,2,10500,70,6,4,864,1971,97000,0,0,0,1,1,0
2392,3,4,6,3,2003,2392,4,13472,103,5,10,2392,2003,386250,0,1,1,1,1,0
630,3,1,1,1,1991,1302,2,1680,21,5,5,630,1971,112000,1,1,0,1,0,0
1214,4,1,6,2,1995,2520,3,9950,82,5,7,1203,1995,290000,1,1,1,1,1,0
483,3,1,3,1,1987,987,2,1869,21,6,6,483,1970,106000,1,1,0,1,1,0
912,3,1,5,1,1974,912,2,8521,70,5,5,912,1967,125000,0,0,0,1,1,0
1555,2,3,6,3,2005,1555,3,3182,43,5,7,1373,2005,192500,0,1,1,1,1,1
1194,3,1,1,2,1959,1194,2,8760,73,6,6,1194,1959,148000,0,1,0,1,0,0
1490,4,1,4,3,1995,2794,4,15138,174,5,8,1462,1995,403000,1,1,1,1,1,1
483,2,1,1,1,1972,987,2,1680,21,5,6,483,1972,94500,1,1,0,1,0,0
894,3,3,2,1,1976,894,2,10650,75,6,5,894,1976,128200,0,0,0,1,1,0
860,4,1,6,3,2002,1960,3,7851,84,5,6,860,2002,216500,1,0,1,1,1,0
483,2,1,5,1,1971,987,2,1680,21,3,6,483,1971,89500,0,1,0,1,1,0
1414,3,3,6,2,2004,1414,3,8773,65,5,7,1414,2004,185500,0,1,1,1,1,0
1014,3,1,4,2,1993,1744,3,9453,73,7,7,996,1993,194500,1,0,1,1,1,1
1694,3,1,1,3,2007,1694,3,12030,93,5,8,1694,2007,318000,0,1,1,1,0,0
798,3,1,2,1,1949,1487,2,8741,52,4,6,735,1945,113000,0,0,1,1,1,1
1566,3,3,6,2,2008,1566,3,9000,75,5,8,1566,2008,262500,0,1,1,1,1,0
866,2,1,5,0,1945,866,3,3880,40,9,5,686,1945,110500,0,0,1,0,1,1
889,3,1,1,1,1940,1440,2,5000,63,4,5,540,1900,79000,1,0,0,1,0,1
626,3,1,5,2,1980,1217,2,10762,75,6,6,626,1980,120000,1,0,1,1,0,0
1222,3,1,6,2,1994,2110,3,8880,34,5,7,948,1994,205000,1,0,1,1,1,1
1872,3,3,6,2,1988,1872,2,10400,80,5,7,1845,1988,241500,0,1,1,1,1,0
908,4,1,1,1,1910,1928,1,9142,69,8,6,1020,1910,137000,1,0,1,1,0,1
1375,2,1,1,1,1954,1375,2,11310,75,5,6,1367,1954,140000,0,0,1,1,0,0
840,3,1,6,2,2003,1668,3,11317,72,5,7,840,2003,180000,1,1,1,1,0,0
1444,4,4,3,3,1958,2144,3,159000,50,7,6,1444,1958,277000,1,1,1,1,1,1
1306,3,1,1,0,1940,1306,1,5350,55,2,3,728,1940,76500,0,0,0,0,0,1
1625,2,4,5,2,2006,1625,3,4750,44,5,8,1573,2006,235000,0,1,0,1,1,1
798,3,1,1,2,2004,1640,3,8366,65,5,6,798,2004,173000,1,0,1,1,0,0
1302,3,4,2,2,1964,1302,3,9350,85,7,6,1302,1964,158000,0,1,0,1,1,1
1314,3,1,3,2,1957,1314,2,8400,70,6,5,1314,1957,145000,0,0,0,1,1,0
1005,4,1,1,3,1999,2291,3,8738,66,5,7,975,1999,230000,1,1,0,1,0,0
864,3,1,3,2,2003,1728,3,8791,64,5,6,864,2003,207500,1,0,1,1,1,0
1604,3,1,6,2,2006,1604,3,8814,68,5,7,1604,2006,220000,0,1,1,1,1,0
963,3,1,6,2,2001,1792,3,12435,80,5,7,963,2001,231500,1,1,1,1,1,0
882,2,0,0,1,1956,882,2,12702,70,5,5,0,1956,97000,0,0,1,1,1,0
1382,3,4,3,1,1991,1382,2,19296,120,5,6,1362,1962,176000,0,1,0,1,1,0
1482,3,1,1,3,2007,2574,4,9588,69,5,8,1482,2007,276000,1,1,1,1,0,0
1212,3,3,5,1,1978,1212,2,8471,88,7,6,506,1977,151000,0,1,1,1,1,1
926,3,1,2,1,1974,1316,2,5500,50,7,5,926,1929,130000,0,0,0,1,1,1
764,2,1,1,1,1965,764,2,5232,30,5,5,680,1925,73000,0,0,0,1,0,1
1422,3,1,5,3,1981,1422,3,12090,78,6,6,1422,1981,175500,0,1,0,1,1,0
802,3,3,6,3,1997,1511,2,11207,70,5,6,802,1997,185000,1,0,1,1,1,0
1052,4,1,1,1,1939,2192,3,8400,60,8,5,720,1939,179500,1,0,1,1,1,1
778,2,1,5,1,1966,778,2,6900,71,6,5,740,1940,120500,0,0,1,1,1,1
1113,3,1,4,2,1987,1113,2,7917,73,7,6,1143,1976,148000,0,1,1,1,1,0
1095,3,2,1,2,2006,1939,3,10728,84,5,8,1095,2006,266000,1,0,1,1,0,0
1363,2,4,2,1,1954,1363,2,39104,73,7,7,1385,1954,241500,0,0,0,1,1,1
1164,4,1,6,3,1999,2270,3,11764,92,7,8,1152,1999,290000,1,1,1,1,1,1
1632,3,1,3,2,1958,1632,2,9600,80,6,6,1240,1958,139000,0,1,0,1,1,1
816,2,4,5,1,1982,816,2,8314,76,7,5,816,1982,124500,0,0,0,1,1,0
952,1,1,1,1,1978,1548,4,7264,55,7,7,952,1925,205000,1,0,0,1,0,1
1560,3,1,1,3,2003,1560,3,9196,129,5,7,1560,2003,201000,0,0,1,1,0,0
864,2,1,2,1,1951,864,2,19138,140,5,4,864,1951,141000,0,0,0,1,1,0
2121,3,4,1,3,2007,2121,4,14450,107,5,9,2121,2006,415298,0,1,1,1,0,1
1156,4,1,4,3,1977,2022,2,10005,83,5,7,1160,1977,192000,1,1,1,1,1,0
1175,3,3,6,1,1989,1982,3,11287,82,6,7,807,1989,228500,1,1,1,1,1,0
1262,2,1,6,2,2006,1262,3,7200,60,5,6,1262,2006,185000,0,1,1,1,1,0
1314,2,1,6,2,2008,1314,3,5063,34,5,7,1314,2007,207500,0,1,1,1,1,1
1468,3,1,1,3,2008,1468,3,9612,74,5,8,1468,2008,244600,0,1,1,1,0,1
1575,8,1,6,2,1992,1575,3,8012,50,5,6,1575,1992,179200,0,0,0,1,1,0
625,2,1,1,2,2006,1250,3,4251,35,5,7,625,2006,164700,1,0,1,1,0,1
1085,3,1,3,1,1962,1734,3,9786,77,7,6,912,1962,159000,1,0,0,1,1,1
858,3,1,4,0,1971,858,2,8125,79,4,4,858,1971,88000,0,0,0,0,1,0
900,3,1,4,1,1970,900,2,9819,40,5,5,882,1967,122000,0,1,0,1,1,0
698,3,1,1,1,2003,1396,2,8730,60,7,6,698,1915,153575,1,0,0,1,0,1
1079,3,3,1,2,2006,1919,3,15611,120,5,8,1079,2006,233230,1,0,1,1,0,0
936,6,1,5,0,1912,1716,1,5687,55,6,5,780,1912,135900,1,0,1,0,1,1
1148,3,1,2,1,1949,1716,2,11409,60,4,5,768,1949,131000,1,0,0,1,1,1
1468,3,1,5,3,1977,2263,3,16659,108,7,7,795,1977,235000,1,1,1,1,1,1
1644,3,1,6,3,1953,1644,2,9600,80,5,6,1416,1953,167000,0,1,0,1,1,0
1003,3,3,6,1,1984,1003,2,7937,37,6,6,1003,1984,142500,0,0,0,1,1,0
910,4,1,4,1,1950,1558,2,13710,75,5,5,910,1950,152000,1,0,0,1,1,0
975,3,1,6,2,1997,1950,3,7399,66,5,7,975,1997,239000,1,1,1,1,1,1
1041,3,1,5,1,1968,1743,2,11700,90,6,6,702,1968,175000,1,1,0,1,1,0
1152,3,1,1,1,1950,1152,3,14000,80,8,6,1092,1950,158500,0,0,1,1,0,1
1336,2,2,4,1,1953,1336,2,15750,90,5,5,1165,1953,157000,0,1,0,1,1,0
1210,4,1,1,3,1998,2452,3,16226,66,5,8,1028,1998,267000,1,0,1,1,1,1
1541,3,1,1,2,2001,1541,3,13704,118,5,7,1541,2001,205000,0,1,1,1,0,1
894,3,1,5,1,1975,894,2,9800,70,7,5,894,1972,149900,0,0,0,1,1,0
1675,3,1,1,1,2003,3493,3,18386,87,9,7,1470,1880,295000,1,0,0,1,0,1
2000,3,1,6,2,2004,2000,3,10386,80,5,8,2000,2004,305900,0,1,0,1,1,1
1122,4,1,5,2,1990,2243,3,13474,116,5,7,700,1990,225000,1,1,1,1,1,1
1035,3,1,1,0,1920,1406,1,7920,75,7,6,319,1920,89500,1,0,1,0,0,1
861,1,1,4,2,1961,861,2,12342,73,5,4,861,1940,82500,0,0,0,1,1,1
1944,3,4,1,3,2003,1944,4,12378,90,5,9,1896,2003,360000,0,0,1,1,1,1
697,3,1,5,3,1993,1501,3,7685,84,5,6,697,1993,165600,1,1,1,1,1,1
972,2,1,5,1,1948,972,2,8000,50,6,6,972,1948,132000,0,0,0,1,1,1
793,3,2,3,1,1939,1118,2,7800,65,7,5,793,1939,119900,1,0,0,1,1,1
2036,3,4,5,2,1965,2036,2,215245,150,5,7,2136,1965,375000,0,0,0,1,1,0
832,3,1,2,1,1925,1641,4,9600,60,7,7,728,1925,178000,1,0,0,1,1,1
716,4,1,6,3,2004,1432,3,7795,71,5,7,716,2004,188500,1,0,1,1,1,1
1153,4,1,6,2,1983,2353,4,13005,94,7,7,845,1980,260000,0,1,1,1,1,0
1088,3,3,1,2,2006,1959,3,9000,75,5,8,1088,2006,270000,1,0,1,1,0,0
1372,3,4,6,2,1993,2646,3,9900,90,5,7,1347,1993,260000,1,1,1,1,1,0
1472,3,3,6,1,1980,1472,2,14115,56,5,7,1372,1980,187500,0,1,1,1,1,0
1249,4,3,1,2,2006,2596,3,16259,111,5,9,1249,2006,342643,1,1,1,1,0,0
1136,4,3,6,2,2004,2468,3,12099,99,5,8,1136,2004,354000,1,1,1,1,1,0
1553,4,4,2,2,1987,2730,3,10380,86,5,7,1502,1986,301000,1,1,1,1,1,1
1163,3,1,5,1,1955,1163,2,5820,49,8,3,1162,1955,126175,0,0,1,1,1,1
1898,5,1,1,3,1961,2978,3,11275,96,7,7,710,1967,242000,1,1,0,1,0,1
803,2,3,4,1,1941,803,2,5000,50,6,5,720,1941,87000,0,0,0,1,1,1
1719,1,4,6,3,1993,1719,3,10846,32,5,8,1719,1993,324000,0,0,1,1,1,0
1383,3,1,3,2,1960,1383,2,11600,80,5,6,1383,1960,145250,0,1,1,1,1,0
1445,5,1,1,1,1930,2134,3,11888,80,6,6,844,1916,214500,1,0,1,1,0,1
596,3,2,1,1,1920,1192,2,6402,60,5,5,596,1920,78000,1,0,0,1,0,1
1728,6,1,6,1,2002,1728,2,10624,60,4,5,1728,1964,119000,0,1,0,1,1,0
1056,3,1,3,2,1958,1056,2,8176,70,6,5,1056,1958,139000,0,0,0,1,1,1
1629,3,1,6,2,2003,1629,3,10655,85,5,8,3206,2003,284000,0,1,0,1,1,1
1358,2,3,6,2,2004,1358,3,8198,59,5,7,1358,2004,207000,0,1,1,1,1,0
943,3,4,6,3,1998,1638,2,9042,59,5,6,943,1998,192000,0,0,1,1,1,0
1619,3,4,1,3,1965,1786,2,164660,60,6,5,1499,1965,228950,1,0,0,1,1,0
1922,3,4,6,3,2005,1922,3,14157,86,5,9,1922,2005,377426,0,1,1,1,1,1
1536,3,3,6,2,2002,1536,3,9135,70,5,7,1536,2002,214000,0,1,1,1,1,1
1621,3,2,5,1,1984,1621,3,14145,91,7,7,1208,1984,202500,0,0,1,1,1,1
1215,3,1,3,1,1958,1215,2,12400,66,7,6,1215,1958,155000,0,1,0,1,1,1
993,4,1,1,3,2002,1908,3,14191,85,5,8,967,2002,202900,1,0,0,1,0,0
841,2,1,1,1,1950,841,2,8400,60,4,4,721,1950,82000,0,0,0,1,0,0
1040,2,0,0,1,1949,1040,2,8544,77,4,3,0,1949,87500,0,1,0,1,0,1
1684,2,1,6,2,2005,1684,4,8849,63,5,9,1684,2005,266000,0,1,1,1,1,0
536,3,1,3,1,1976,1112,2,2592,36,3,5,536,1976,85000,1,0,0,1,1,0
972,3,1,1,1,1939,1577,1,6435,65,5,6,972,1939,140200,1,0,0,1,0,1
958,2,2,4,2,1960,958,2,12772,90,8,6,958,1960,151500,0,0,0,1,1,1
1478,3,1,4,1,1960,1478,2,17600,78,5,6,1478,1960,157500,0,1,1,1,1,0
764,2,1,6,2,2003,1626,3,2448,36,5,7,764,2003,154000,1,1,1,1,1,1
1848,4,1,6,3,2006,2728,4,20431,56,5,9,1848,2005,437154,1,1,0,1,1,1
1869,2,1,1,2,2007,1869,4,7820,68,5,9,1869,2007,318061,0,1,1,1,0,0
1453,3,4,6,2,1986,1453,3,5271,58,5,7,1453,1986,190000,0,0,1,1,1,0
616,3,2,2,1,1941,1111,2,9084,60,6,5,616,1941,95000,1,0,0,1,1,1
720,2,1,1,1,2005,720,2,8520,60,8,6,624,1928,105900,0,0,0,1,0,1
1192,2,1,2,1,1940,1595,2,8400,60,5,6,940,1940,140000,1,0,0,1,1,1
1200,3,1,5,2,1995,1200,3,11249,105,5,6,1200,1995,177500,0,0,1,1,1,0
1167,3,1,6,2,1992,1167,3,9248,60,6,6,1158,1992,173000,0,1,1,1,1,0
1142,3,1,5,3,1976,1142,2,4224,44,5,5,1142,1976,134000,0,0,1,1,1,0
1352,3,3,4,1,1958,1352,3,6930,92,4,5,1062,1958,130000,0,1,0,1,1,0
1086,3,3,6,2,1998,1924,3,12011,78,5,8,1086,1998,280000,1,1,1,1,1,0
912,2,3,6,2,1978,912,2,7540,94,6,6,888,1978,156000,0,0,0,1,1,0
988,3,1,3,2,1940,1505,2,9144,78,5,5,883,1940,145000,1,0,0,1,1,1
495,4,0,1,2,2003,1922,3,7301,64,5,7,0,2003,198500,1,1,0,1,1,0
483,2,1,5,1,1972,987,3,1680,21,8,6,483,1972,118000,1,1,0,1,1,1
790,3,2,6,3,1976,1574,2,18800,60,5,6,796,1976,190000,1,1,1,1,1,0
672,3,1,3,1,1964,1344,2,10690,59,7,5,672,1920,147000,1,0,1,1,1,1
1394,3,1,4,2,1963,1394,2,9500,75,5,6,1394,1963,159000,0,1,1,1,1,0
1431,3,4,6,2,1962,1431,2,9150,101,5,6,1099,1962,165000,0,1,1,1,1,0
1268,2,1,2,3,1954,1268,2,7800,78,6,5,1268,1954,132000,0,1,1,1,1,0
1287,3,1,5,3,1997,1287,3,9830,76,7,5,1063,1959,162000,0,0,1,1,1,1
953,3,1,1,2,2000,1664,2,8121,80,5,6,953,2000,172400,1,0,1,1,0,0
1120,4,0,0,3,1991,1588,2,17120,80,4,4,0,1959,134432,1,0,1,1,1,0
752,2,1,5,1,1984,752,2,7175,50,5,6,744,1984,125000,0,0,0,1,1,0
1319,3,1,4,1,1953,1319,2,10634,79,6,5,608,1953,123000,0,0,0,1,1,0
847,4,1,1,3,2003,1928,3,8200,65,5,7,847,2003,219500,1,0,1,1,0,1
904,1,4,4,0,1922,904,1,10020,24,1,1,683,1922,61000,0,0,0,0,1,1
914,2,3,6,1,1998,914,2,8846,57,5,5,870,1996,148000,0,0,0,1,1,0
1580,4,1,1,2,2004,2466,3,11143,102,5,8,1580,2004,340000,1,0,1,1,0,1
1856,1,3,6,3,2010,1856,4,11394,88,2,9,1856,2010,394432,0,1,0,1,1,0
1007,3,1,1,3,2000,1800,2,8123,60,5,6,982,2000,179000,1,1,1,1,0,0
1026,3,1,2,1,1924,1691,3,5000,50,6,5,1026,1924,127000,1,0,0,1,1,1
1301,2,1,1,2,2006,1301,3,7200,60,5,7,1293,2006,187750,0,0,1,1,0,0
939,3,3,1,2,2006,1797,3,9245,79,5,7,939,2006,213500,1,0,1,1,0,0
784,2,1,1,1,1950,784,2,9000,60,3,6,784,1928,76000,0,0,0,1,0,1
1079,3,3,6,3,1992,1953,3,53107,73,5,6,1580,1992,240000,1,0,1,1,1,0
1269,2,1,6,3,2004,1269,3,3182,43,5,8,1256,2004,192000,0,1,1,1,1,1
658,5,1,1,0,1910,1184,2,8410,58,3,5,658,1910,81000,1,0,1,0,0,1
1125,2,3,5,1,1977,1125,2,7200,72,6,6,1041,1976,125000,0,1,0,1,1,0
1479,3,1,1,2,1999,1479,3,9382,93,5,7,1468,1999,191000,0,1,1,1,0,1
1742,3,3,6,3,2008,2332,4,12474,96,5,10,1682,2007,426000,1,1,1,1,1,1
961,4,1,3,1,1978,1367,2,8405,50,8,5,861,1900,119000,1,0,1,1,1,1
804,3,1,5,3,2001,1961,3,12209,71,5,6,804,2001,215000,1,0,1,1,1,1
882,3,0,0,2,1959,882,2,8339,60,7,5,0,1959,106500,0,0,0,1,1,0
788,2,1,3,0,1941,788,2,7446,60,5,4,788,1941,100000,0,0,0,0,1,1
735,2,1,6,1,1940,1034,2,10134,60,6,5,735,1940,109000,1,0,1,1,0,1
1144,3,3,4,1,1956,1144,2,9571,68,6,5,1144,1956,129000,0,0,0,1,1,0
894,2,3,3,2,1985,894,2,7200,60,5,5,894,1972,123000,0,0,0,1,1,0
876,4,1,5,2,1962,1812,2,7590,69,5,5,864,1962,169500,1,1,1,1,1,0
1077,2,1,1,1,1920,1077,2,8967,60,2,5,961,1920,67000,0,0,0,1,0,1
1112,2,1,6,3,2007,1550,3,8125,65,5,7,1092,2006,241000,1,1,1,1,1,1
1288,1,1,6,3,1996,1288,4,14963,38,5,8,1260,1996,245500,0,0,1,1,1,0
1310,3,3,6,3,2005,1310,3,8767,65,5,7,1310,2005,164990,0,0,0,1,1,0
672,2,1,1,1,1940,672,2,10200,60,8,5,672,1940,108000,0,0,0,1,0,1
1165,4,1,1,3,1998,2263,3,12090,93,5,8,1141,1998,258000,0,1,1,1,0,0
806,3,1,1,3,1995,1572,2,10364,64,5,6,806,1995,168000,1,0,1,1,0,1
1620,3,1,4,1,1993,1620,2,9991,60,4,4,1281,1976,150000,0,0,1,1,1,1
1166,3,1,1,1,1936,1639,2,10480,51,5,6,1064,1936,115000,0,0,0,1,0,1
840,3,1,1,1,1960,1680,2,15576,63,7,6,840,1915,177000,1,0,0,1,0,1
1071,2,1,1,2,2006,2172,3,14154,109,5,7,1063,2006,280000,1,1,1,1,0,0
1050,3,1,6,3,2008,2078,4,10800,85,5,8,1034,2007,339750,1,1,1,1,1,1
1276,2,1,1,1,1958,1276,2,9571,68,3,5,1276,1958,60000,0,0,0,1,0,0
1056,3,2,3,3,1955,1056,2,34650,100,5,5,1056,1955,145000,0,0,0,1,1,0
1478,2,3,6,3,2009,1478,3,4403,72,5,7,1470,2009,222000,0,1,1,1,1,0
1028,2,1,1,1,1927,1028,2,8960,56,6,5,1008,1927,115000,0,0,0,1,0,1
1080,3,1,4,2,1993,2097,3,11228,59,5,7,1080,1993,228000,1,0,1,1,1,0
1340,3,3,6,3,2007,1340,3,8899,73,5,7,1340,2007,181134,0,0,1,1,1,0
672,2,1,5,3,1978,1400,2,7844,74,7,6,672,1978,149500,1,1,0,1,1,0
1370,4,1,4,1,1918,2624,2,22420,86,6,6,1370,1918,239000,1,0,0,1,1,1
756,3,1,5,1,1940,1134,2,8160,60,6,5,756,1940,126000,1,0,0,1,1,1
1056,3,1,4,1,1968,1056,2,8450,65,6,5,1056,1968,142000,0,0,1,1,1,0
1344,3,4,6,3,1997,1344,2,7060,78,5,7,1344,1997,206300,0,1,0,1,1,1
1602,3,1,5,3,1977,1602,3,16635,63,7,6,1602,1977,215000,0,1,0,1,1,1
988,2,1,1,2,1954,988,2,21750,100,5,5,988,1954,113000,0,0,0,1,0,0
1470,4,1,6,2,1998,2630,3,9200,80,5,8,1470,1998,315000,0,1,1,1,1,0
1196,2,1,2,2,1956,1196,2,9000,72,5,6,1196,1956,139000,0,1,1,1,1,0
707,3,1,1,1,1947,1389,2,3378,60,8,7,651,1946,135000,1,0,0,1,0,1
1644,2,4,6,3,1989,1644,3,12800,59,5,7,1518,1989,275000,0,1,0,1,1,0
907,3,1,3,1,1964,907,2,8593,77,6,4,907,1957,109008,0,0,0,1,1,0
1208,2,1,6,2,2007,1208,3,6762,64,5,7,1208,2007,195400,0,1,1,1,1,0
1412,3,2,6,1,1988,1412,3,11457,130,5,6,1392,1988,175000,0,0,0,1,1,0
483,2,1,5,1,1971,987,2,1680,21,5,6,483,1971,85400,1,1,0,1,1,0
1088,4,1,3,1,1920,1198,2,5586,60,7,6,901,1920,79900,1,0,1,0,0,1
765,2,1,5,1,1971,1365,2,1920,24,5,5,765,1971,122500,1,1,1,1,1,0
926,3,1,1,3,1997,1604,2,10839,100,5,6,926,1997,181000,1,0,1,1,0,1
630,1,3,5,0,1972,630,2,1890,21,7,4,630,1972,81000,0,0,0,0,1,0
827,3,3,6,2,1996,1661,3,10667,43,6,7,799,1996,212000,1,0,1,1,1,0
734,2,1,1,1,1990,1118,2,4400,40,8,6,648,1920,116000,0,0,0,1,0,1
904,2,1,1,1,1926,904,2,6000,50,7,6,884,1926,119000,0,0,0,1,0,1
694,3,1,2,1,1990,694,3,4280,40,6,5,440,1913,90350,0,0,0,1,1,1
684,3,2,1,1,2005,1196,3,12354,67,8,6,684,1920,110000,1,0,1,1,0,1
2402,2,4,6,3,2008,2402,4,15431,105,5,10,3094,2008,555000,0,1,1,1,1,0
1440,4,1,5,0,1955,1440,1,12108,92,4,4,1440,1955,118000,0,1,0,0,1,0
1128,3,1,1,1,1930,1573,2,6240,52,7,5,1078,1930,162900,1,0,0,1,0,1
1258,2,3,1,3,2007,1258,3,3922,53,5,7,1258,2006,172500,0,1,1,1,0,1
933,4,1,6,1,1994,1908,3,8750,70,5,7,915,1994,210000,1,0,1,1,1,1
1689,3,1,1,1,1956,1689,2,9855,73,5,6,1436,1956,127500,0,0,0,1,0,0
1888,2,1,1,3,1966,1888,3,16492,137,6,6,1517,1966,190000,0,0,0,1,1,1
956,3,1,1,3,1998,1886,3,11214,35,5,7,930,1998,199900,1,0,0,1,0,1
780,3,1,1,1,1937,1376,2,8600,50,6,6,780,1937,119500,1,0,0,1,0,1
679,2,1,5,1,1981,1183,2,6000,50,7,3,649,1948,120000,1,0,1,1,1,1
813,2,1,1,1,1932,813,3,5684,70,8,6,813,1930,110000,0,0,1,1,0,1
1533,2,4,5,1,1975,1533,3,70761,62,5,7,1533,1975,280000,0,0,1,1,1,0
888,3,1,5,3,1996,1756,2,9303,64,5,6,872,1996,204000,1,1,1,1,1,1
786,3,1,1,2,2008,1590,3,9000,75,5,8,768,2008,210000,0,0,1,1,0,0
1728,4,1,5,1,1976,1728,2,9297,63,5,5,1728,1976,188000,0,0,0,1,1,0
1242,3,1,5,1,1973,1242,2,9600,80,6,7,1242,1973,175500,0,1,0,1,1,0
624,4,1,1,1,1916,1344,2,4571,34,5,5,624,1916,98000,1,0,0,1,0,1
1663,2,4,4,1,1954,1663,3,53227,43,6,4,1364,1954,256000,0,0,1,1,1,1
833,3,1,1,1,1925,1666,3,5100,92,7,8,588,1925,161000,1,0,1,1,0,1
979,3,1,2,1,1950,1203,3,7015,114,4,5,709,1950,110000,1,1,0,1,1,0
832,3,1,6,3,2009,1935,2,8004,75,5,8,832,2009,263435,1,1,1,1,1,0
575,3,1,5,2,1971,1135,3,7200,60,9,7,560,1936,155000,1,0,0,1,1,1
864,3,1,3,1,1965,864,2,8281,60,5,5,864,1965,62383,0,0,0,1,1,0
849,3,1,2,1,1939,1660,2,11988,74,7,6,715,1934,188700,1,0,0,1,1,1
1040,3,1,3,0,1978,1040,2,8430,60,5,5,1040,1978,124000,0,1,0,0,1,0
1414,2,1,1,3,2004,1414,3,3072,120,5,7,1375,2004,178740,0,1,1,1,0,0
1277,2,4,6,1,1970,1277,2,10628,85,5,7,1277,1970,167000,0,0,0,1,1,0
888,3,1,2,1,1942,1644,3,9480,79,7,5,728,1942,146500,0,1,0,1,1,1
1634,3,1,1,2,2006,1634,3,11428,98,5,8,1626,2006,250000,0,1,1,1,0,0
832,3,1,6,2,1993,1710,3,9291,76,5,6,832,1993,187000,1,1,1,1,1,0
1502,1,3,6,2,1985,1502,3,6820,88,5,8,1488,1985,212000,0,0,1,1,1,0
1161,3,1,1,2,1977,1969,2,11952,92,6,7,808,1977,190000,1,0,0,1,0,0
1072,2,4,2,2,2005,1072,2,3675,35,5,6,547,2005,148000,0,1,1,1,1,0
1976,2,4,4,2,2006,1976,3,14977,110,5,8,1976,2006,440000,0,1,1,1,1,1
1652,2,3,6,2,2000,1652,4,5330,41,5,8,1494,2000,251000,0,0,1,1,1,0
970,2,1,6,1,1996,970,2,8480,80,6,5,970,1963,132500,0,0,1,1,1,0
1493,3,4,6,3,1997,1493,3,13125,75,5,6,1478,1997,208900,0,1,1,1,1,1
2069,3,3,1,3,2006,2643,4,13693,105,5,9,2153,2006,380000,1,1,1,1,0,0
1718,3,4,6,2,2007,1718,3,10637,79,5,8,1705,2007,297000,0,1,1,1,1,1
1131,2,1,3,1,1995,1131,2,5925,50,7,4,907,1937,89471,0,1,1,1,1,1
1850,3,4,6,3,2004,1850,3,16033,98,5,9,1833,2004,326000,0,1,1,1,1,1
1792,2,4,6,3,2003,1792,4,11846,72,5,9,1792,2003,374000,0,1,1,1,1,1
916,4,1,5,1,1915,1826,4,2500,50,8,7,910,1915,155000,0,0,0,1,1,1
1216,2,1,6,1,1998,1216,2,4500,32,5,6,1216,1998,164000,0,1,1,1,1,0
999,3,1,5,1,1963,999,3,7758,50,7,5,999,1962,132500,0,0,1,1,1,1
1113,3,1,5,1,1950,1113,3,9600,80,7,5,1113,1950,147000,0,0,1,1,1,1
1073,3,1,5,2,1965,1073,2,10289,79,7,5,1073,1965,156000,0,1,0,1,1,0
1484,3,3,5,1,1971,1484,2,12243,70,6,5,1484,1971,175000,0,0,0,1,1,0
1766,3,1,4,1,1970,2414,2,10800,60,4,5,954,1900,160000,1,0,0,1,1,1
630,3,3,6,1,1970,630,3,1526,21,8,4,630,1970,86000,0,0,0,1,1,1
616,3,2,1,3,1976,1304,2,2665,80,6,5,264,1976,115000,1,0,1,1,0,0
958,3,1,4,1,1941,1578,1,9490,79,7,6,806,1941,133000,1,0,0,1,1,1
728,3,1,1,2,2006,1456,2,15578,105,5,6,728,2006,172785,1,0,0,1,0,0
1269,3,1,4,1,1964,1269,2,7931,70,6,5,1269,1960,155000,0,0,0,1,1,0
886,2,1,1,1,1938,886,2,5784,50,8,5,190,1938,91300,0,0,1,1,0,1
720,2,1,3,0,1920,720,2,7879,60,5,4,720,1920,34900,0,0,1,0,1,1
3228,3,1,6,2,1992,3228,3,12692,60,5,8,3200,1992,430000,0,0,1,1,1,1
1133,4,1,3,1,1925,1820,2,9120,60,6,7,1026,1925,184000,1,0,1,1,1,1
899,3,1,5,3,1967,899,3,7800,65,7,5,864,1967,130000,0,1,0,1,1,1
912,2,1,4,3,1958,912,2,7535,70,7,5,912,1958,120000,0,0,1,1,1,1
672,3,1,4,1,1973,1218,2,1890,21,5,6,672,1973,113000,1,1,1,1,1,0
866,3,1,6,2,2005,1768,3,9803,75,5,7,866,2005,226700,1,0,1,1,1,0
1214,2,1,5,1,1965,1214,2,9170,70,7,5,1214,1965,140000,0,0,0,1,1,0
1801,1,1,5,3,1959,1801,2,15602,100,8,7,1501,1959,289000,0,0,1,1,1,1
855,3,1,5,1,1974,1322,2,2308,24,5,6,855,1974,147000,0,0,0,1,1,0
960,4,1,1,1,1952,1960,2,7596,60,5,5,960,1952,124500,1,1,0,1,0,0
1065,3,1,5,2,1993,1911,3,9554,80,5,8,777,1993,215000,1,1,1,1,1,1
1218,2,1,6,3,2009,1218,3,7862,75,5,6,1218,2009,208300,0,0,1,1,1,0
689,3,1,3,1,1928,1378,3,9600,60,9,7,689,1928,161000,1,0,0,1,1,1
1041,3,1,5,2,1959,1041,2,9600,80,6,5,1041,1959,124500,0,1,1,1,1,0
1363,2,1,4,1,1951,1363,2,14559,75,7,5,1008,1951,164900,0,1,1,1,1,1
1368,2,1,1,2,2005,1368,3,6792,40,5,7,1368,2005,202665,0,1,1,1,0,1
864,3,1,4,2,1964,864,2,9100,70,5,5,864,1958,129900,0,0,0,1,1,0
1080,3,1,5,1,1983,1080,2,9187,71,5,6,1084,1983,134000,0,0,0,1,1,0
789,2,1,1,1,1926,789,2,10594,55,5,5,768,1926,96500,0,0,0,1,0,1
2020,3,1,6,3,2009,2020,4,12220,94,5,10,2006,2009,402861,0,1,1,1,1,0
1378,3,1,1,1,1972,2119,2,10448,78,6,6,689,1972,158000,1,1,1,1,0,0
1277,3,1,1,2,1996,2344,3,10208,79,5,7,1264,1996,265000,1,1,0,1,0,1
882,3,2,6,2,1998,1796,2,9531,77,5,6,794,1998,211000,1,0,1,1,1,0
1276,3,1,1,1,1926,2080,3,10918,53,9,7,1276,1926,234000,1,0,0,1,0,1
694,3,0,0,0,1900,1294,2,10800,60,7,4,0,1900,106250,1,0,1,0,1,1
1244,3,1,3,1,1957,1244,2,11988,90,6,6,1244,1957,150000,0,0,1,1,1,0
1004,3,1,5,1,1950,1664,2,5000,50,7,6,1004,1947,159000,0,0,1,1,1,1
3138,3,4,6,3,2007,4676,4,40094,130,5,10,3138,2007,184750,1,1,1,1,1,1
1383,3,1,6,3,1996,2398,3,11787,95,5,7,1379,1996,315750,1,1,1,1,1,1
1266,3,1,1,1,2005,1266,3,7500,62,5,7,1257,2005,176000,0,0,1,1,0,0
928,2,1,3,1,1956,928,2,13300,70,7,5,928,1956,132000,0,0,0,1,1,1
1476,3,3,6,3,2008,2713,4,14948,67,5,9,1452,2008,446261,1,1,1,1,1,0
605,2,2,4,1,1920,605,2,9098,58,7,4,528,1920,86000,0,0,0,0,1,1
2515,4,1,3,1,1975,2515,2,32668,80,3,6,2035,1957,200624,0,0,0,1,1,1
1509,3,3,6,2,1988,1509,3,10200,85,5,6,1461,1988,175000,0,1,0,1,1,1
751,3,2,1,3,1920,1362,2,6155,60,8,6,611,1920,128000,1,0,0,1,0,1
827,2,0,0,1,1967,827,2,7200,60,7,5,0,1955,107500,0,0,0,1,1,1
334,1,0,0,0,1946,334,1,5000,50,3,1,0,1946,39300,0,0,0,0,1,1
707,3,3,1,3,2004,1414,3,9056,74,5,8,707,2004,178000,1,0,1,1,0,0
820,3,4,6,0,1910,1347,2,7000,70,7,5,1117,1910,107500,1,0,0,0,1,1
880,3,3,1,3,1998,1724,3,8924,57,5,7,880,1998,188000,1,0,1,1,0,1
864,3,1,4,1,1980,864,2,12735,70,5,4,864,1972,111250,0,0,0,1,1,0
1159,3,1,4,1,1968,1159,2,11553,24,5,5,1051,1968,158000,0,1,0,1,1,0
1601,3,3,6,2,2001,1601,3,11423,73,5,8,1581,2001,272000,0,1,0,1,1,1
1838,2,3,6,2,2006,1838,4,14601,85,5,9,1838,2006,315000,0,1,1,1,1,0
997,4,1,1,3,2000,2285,3,11000,90,5,8,969,2000,248000,1,1,1,1,0,0
1680,3,1,2,3,1998,1680,3,10140,78,5,7,1650,1998,213250,0,0,1,1,1,1
767,1,3,6,3,1998,767,2,4058,34,5,7,723,1998,133000,0,1,1,1,1,0
664,3,3,6,2,2006,1496,3,17104,58,5,7,654,2006,179665,0,0,1,1,1,0
1377,4,1,6,1,1988,2183,3,13837,84,5,7,1204,1988,229000,1,1,0,1,1,0
915,3,1,3,1,1950,1635,2,8737,70,7,6,1065,1923,210000,1,0,1,1,1,1
768,2,3,5,1,1987,768,2,7244,54,7,5,768,1970,129500,0,0,0,1,1,0
825,2,1,2,2,1963,825,2,8235,49,7,5,825,1955,125000,0,0,1,1,1,1
912,4,1,1,3,2003,2094,3,9375,75,5,7,912,2003,263000,1,0,1,1,0,1
1069,2,1,5,2,1977,1069,2,4043,53,6,6,1069,1977,140000,0,0,1,1,1,0
928,3,1,3,3,1957,928,2,6000,50,6,5,928,1957,112500,0,0,0,1,1,0
1717,3,3,1,2,2006,1717,3,11146,87,5,8,1709,2006,255500,0,1,1,1,0,0
1126,2,0,0,3,2002,1126,3,8777,67,5,4,0,1949,108000,0,0,1,1,1,1
1006,3,1,6,2,2003,2046,3,10625,85,5,7,998,2003,284000,1,1,1,1,1,1
1048,2,1,1,1,1922,1048,2,6380,58,6,5,993,1922,113000,0,0,0,1,0,1
1092,2,1,3,3,1957,1092,2,14850,69,5,5,1092,1957,141000,0,0,0,1,1,0
897,3,1,3,1,1994,1336,2,11040,60,6,4,637,1920,108000,1,0,1,1,1,1
729,3,4,6,1,1996,1446,2,21872,57,5,7,729,1996,175000,1,0,1,1,1,1
1557,2,4,1,3,2003,1557,3,3196,70,5,7,1374,2003,234000,0,1,1,1,0,1
1392,3,1,6,1,1957,1392,2,11341,36,6,5,1392,1957,121500,0,1,0,1,1,1
1389,2,3,5,2,1975,1389,2,10010,77,5,5,1389,1974,170000,0,0,1,1,1,1
996,3,1,4,0,1940,996,2,13907,63,6,5,996,1940,108000,0,0,0,0,1,1
1163,4,2,1,3,1955,1674,2,21780,66,7,6,1163,1918,185000,1,0,1,1,0,1
1166,4,1,6,2,1992,2295,3,13346,40,5,7,1095,1992,268000,1,0,1,1,1,1
841,4,1,1,1,1920,1647,1,6858,66,4,6,806,1915,128000,1,0,1,1,0,1
1134,4,1,1,3,2005,2504,4,11198,77,5,9,1122,2005,325000,1,1,1,1,0,1
1535,3,1,6,2,2004,1535,3,10171,70,5,7,1517,2004,214000,0,1,0,1,1,0
1496,1,4,6,3,1983,2132,3,12327,79,8,8,1496,1983,316600,1,0,1,1,1,1
943,2,4,6,1,1979,943,2,7032,97,5,5,943,1979,135960,0,0,0,1,1,0
1728,6,1,2,1,1987,1728,2,13101,74,5,5,1728,1965,142600,0,1,0,1,1,0
864,2,1,1,1,1959,864,3,7332,60,6,6,864,1959,120000,0,1,0,1,1,0
846,3,3,1,2,2009,1692,3,13159,83,5,7,846,2009,224500,1,0,1,1,0,0
774,3,1,1,2,2000,1430,2,9967,76,5,7,384,2000,170000,1,0,0,1,0,0
576,3,3,5,1,1971,1109,2,10500,70,7,5,372,1971,139000,1,1,0,1,1,1
832,2,1,3,1,1947,1216,2,8480,80,5,5,832,1947,118500,1,0,0,1,1,1
877,3,1,1,1,1928,1477,2,6292,52,7,7,861,1928,145000,1,0,1,1,0,1
1320,3,3,2,1,1966,1320,2,11777,96,6,5,1164,1966,164500,0,1,1,1,1,0
703,2,1,1,1,2007,1392,3,3604,34,5,7,689,2007,146000,1,0,1,1,0,0
1050,4,1,1,1,1954,1795,2,12150,81,5,5,1050,1954,131500,1,1,0,1,0,0
1429,3,1,4,1,1960,1429,3,14585,69,6,6,1144,1960,181900,0,1,1,1,1,1
2042,3,1,1,2,2009,2042,4,12704,98,5,8,2042,2008,253293,0,1,1,1,0,1
816,3,3,6,0,1990,816,2,11841,81,5,6,816,1990,118500,0,1,1,0,1,0
1521,2,1,1,1,1988,2775,3,13500,75,9,10,1237,1893,325000,0,0,1,1,0,1
989,3,1,1,1,1935,1573,3,6120,51,7,4,884,1935,133000,1,0,0,1,0,1
2028,2,4,6,2,2005,2028,3,11443,88,5,8,1868,2005,369900,0,1,1,1,1,1
838,2,2,3,3,1961,838,1,10267,55,7,6,816,1918,130000,0,0,0,1,1,1
860,2,3,5,1,1996,860,2,8740,74,6,5,840,1982,137000,0,0,0,1,1,0
1473,1,4,6,1,1968,1473,4,25095,65,8,5,1437,1968,143000,0,0,1,1,1,1
779,2,1,1,1,1988,935,2,9100,50,6,5,742,1930,79500,0,0,0,1,0,1
770,3,1,6,2,2004,1582,3,8320,64,5,7,770,2004,185900,1,0,1,1,1,0
1728,3,4,6,2,2008,2296,4,13478,97,5,10,1722,2008,451950,1,1,1,1,1,0
816,2,1,3,3,1985,816,2,6600,60,8,5,816,1982,138000,0,0,0,1,1,1
848,1,3,6,2,2003,848,3,4435,70,5,6,848,2003,140000,0,1,0,1,1,0
924,3,1,1,1,1981,924,2,7990,88,6,5,924,1975,110000,0,0,0,1,0,0
1826,3,4,6,2,2005,1826,3,11302,69,5,8,1814,2005,319000,0,1,1,1,1,1
684,3,1,1,1,1930,1368,2,3600,60,7,6,684,1910,114504,1,0,1,1,0,1
1402,2,3,1,3,2006,1402,3,3922,53,5,7,1258,2006,194201,0,1,1,1,0,1
1647,3,2,5,3,1977,1647,3,12984,80,6,5,1430,1977,217500,0,1,0,1,1,0
716,3,1,6,3,1980,1556,2,1950,24,6,6,716,1980,151000,1,0,0,1,1,0
1058,3,3,6,3,2003,1904,4,10927,74,5,8,1058,2005,275000,1,1,1,1,1,0
780,3,1,4,1,1979,1375,3,9000,50,6,6,780,1937,141000,1,0,1,1,0,1
927,3,2,6,3,1992,1915,3,10041,80,5,8,908,1992,220000,1,0,1,1,1,0
600,2,1,1,2,2004,1200,3,3182,30,5,7,600,2004,151000,1,0,1,1,0,1
1494,4,2,6,2,2002,1494,3,12803,88,5,7,1494,2002,221000,0,1,1,1,1,0
1186,3,1,4,1,1965,1986,2,13600,85,6,7,768,1965,205000,1,1,1,1,1,1
1040,3,1,6,2,2000,1040,3,12464,82,5,5,1040,1996,152000,0,0,0,1,1,0
1112,3,1,6,1,1948,2008,4,7800,78,8,5,896,1948,225000,1,0,0,1,1,1
1940,4,2,4,1,1934,3194,2,12168,78,6,8,965,1934,359100,1,0,0,1,1,1
1029,3,2,3,1,1961,1029,2,7943,61,5,4,1029,1961,118500,0,1,0,1,1,0
1476,3,2,6,3,2000,2153,4,11050,80,5,9,1440,2000,313000,1,1,1,1,1,0
1032,3,3,5,1,1978,1032,2,10395,63,6,6,1032,1978,148000,0,1,0,1,1,0
1299,3,3,6,2,2001,1872,4,11885,68,5,8,1299,2001,261500,1,1,1,1,1,0
1120,3,1,5,0,2007,1120,2,8402,70,5,5,1120,2007,147000,0,0,1,0,1,0
630,1,3,2,0,1972,630,2,1491,21,6,4,630,1972,75500,0,0,1,0,1,0
1054,3,4,6,2,1963,1054,3,8800,80,7,6,936,1963,137500,0,1,0,1,1,0
807,3,1,6,3,2002,1509,3,7861,60,5,6,783,2002,183200,1,0,1,1,1,1
832,2,1,1,1,1962,832,3,7227,59,6,6,832,1954,105500,0,0,0,1,0,0
1828,3,3,0,1,2007,1828,3,11694,90,5,9,1822,2007,314813,0,1,1,1,1,0
1482,1,4,6,3,2003,2262,3,12244,85,5,8,1482,2003,305000,1,1,0,1,1,0
864,2,1,4,0,1914,864,2,8248,45,3,3,864,1914,67000,0,0,0,0,1,1
1548,4,1,5,2,1974,2614,2,10800,90,7,6,1522,1974,240000,1,0,1,1,1,1
980,3,1,4,1,1986,980,2,7064,71,6,5,980,1977,135000,0,1,0,1,1,0
756,2,1,6,1,2000,1512,3,2117,85,5,6,756,2000,168500,1,1,1,1,1,0
1012,4,1,3,2,1972,1790,2,10400,80,5,6,732,1972,165150,1,1,0,1,1,0
1116,3,1,1,1,1962,1116,2,10000,87,6,6,1116,1962,160000,0,1,0,1,0,0
1422,3,1,1,2,1960,1422,2,12342,97,5,5,978,1960,139900,0,0,0,1,0,1
1520,3,3,4,2,1955,1520,2,9600,80,6,6,1156,1955,153000,0,1,0,1,1,1
1040,5,3,3,1,1969,2080,1,11606,70,5,5,1040,1969,135000,1,1,0,1,1,0
1350,3,4,6,2,1964,1350,2,9020,82,5,6,1248,1964,168500,0,1,0,1,1,0
1089,3,1,1,1,1937,1750,4,9000,50,6,5,636,1880,124000,1,0,0,1,0,1
1554,2,2,6,2,2006,1554,3,4590,34,5,8,1554,2006,209500,0,1,1,1,1,0
1411,3,1,5,3,1977,1411,2,11900,85,5,7,1386,1977,82500,0,1,0,1,1,0
1056,3,1,4,1,1954,1056,2,9250,80,7,5,1056,1954,139400,0,0,0,1,1,1
1056,0,1,6,1,1980,1056,2,6979,64,5,6,1056,1980,144000,0,0,1,1,1,0
1440,8,1,2,0,1914,3395,1,10896,60,7,6,1440,1914,200000,1,0,1,0,1,1
800,1,1,1,0,1936,800,1,6120,51,3,2,264,1936,60000,0,0,0,0,0,1
811,3,1,1,1,1954,1387,3,6000,50,4,5,811,1954,93000,1,0,0,1,0,0
796,2,1,1,0,1910,796,2,8777,67,7,5,796,1910,85000,0,0,0,0,0,1
1567,1,3,6,3,2006,1567,4,3982,53,5,8,1520,2006,264561,0,0,0,1,1,0
1518,1,4,6,2,2003,1518,4,12677,62,5,8,1518,2003,274000,0,1,1,1,1,1
1057,3,1,4,3,2001,1929,3,7050,98,5,7,1057,2001,226000,1,0,1,1,1,0
2000,4,4,5,3,1972,2704,4,13860,75,7,8,1952,1972,345000,1,0,1,1,1,1
780,4,1,3,3,1969,1620,2,10793,80,5,5,780,1969,152000,1,1,0,1,1,0
1766,2,2,6,3,2009,1766,4,9187,85,5,9,1766,2009,370878,0,1,1,1,1,0
981,3,1,5,1,1979,981,2,10530,70,5,6,981,1971,143250,0,0,1,1,1,0
1048,3,0,0,1,1950,1048,2,7200,60,5,5,0,1950,98300,0,0,1,1,1,0
1094,3,2,3,2,1953,1094,2,10452,85,5,6,1094,1953,155000,0,1,0,1,1,0
1051,4,1,1,1,1966,1839,2,7700,70,5,6,756,1966,155000,1,1,1,1,0,0
630,1,3,4,1,1970,630,2,1936,21,6,4,630,1970,84500,0,0,0,0,1,0
822,3,1,1,2,2007,1665,3,8125,65,6,7,813,2007,205950,1,0,0,1,0,0
755,4,2,1,2,1940,1510,2,9084,60,5,4,755,1940,108000,1,0,0,1,0,1
909,2,1,1,2,1996,1716,3,8750,70,5,7,880,1996,191000,1,0,1,1,0,0
756,3,1,6,1,1906,1469,2,10320,60,7,6,756,1906,135000,1,0,0,1,0,1
2113,2,4,6,3,1995,2113,3,10437,91,6,8,2109,1995,350000,0,1,1,1,1,0
525,3,1,1,1,1971,1092,2,1680,21,5,6,525,1971,88000,0,1,0,1,0,0
1053,3,1,5,2,1959,1053,3,10007,72,7,5,1053,1959,145500,0,1,0,1,1,1
851,3,1,1,2,1931,1502,2,7200,60,6,7,776,1931,149000,1,0,0,1,0,1
912,3,1,1,1,1948,1458,2,17503,78,5,6,912,1948,97500,1,0,0,1,0,1
1486,3,1,4,3,1968,1486,2,9937,75,7,5,1486,1964,167000,0,0,0,1,1,1
1142,3,1,1,2,1976,1935,2,12384,70,7,7,793,1976,197900,1,1,1,1,0,0
1686,4,1,6,2,1994,2448,3,46589,52,7,8,1629,1994,402000,1,1,1,1,1,1
1392,2,1,1,2,1968,1392,2,13560,120,3,6,1392,1968,110000,0,1,0,1,0,0
1181,3,3,4,2,1974,1181,2,10012,90,5,4,1138,1972,137500,0,0,0,1,1,0
2097,1,2,1,3,2005,2097,4,20896,49,5,8,2077,2005,423000,0,0,1,1,1,1
1454,3,1,1,2,2000,1936,3,11194,106,5,8,1406,2000,230500,1,1,1,1,0,0
1465,3,1,2,1,1965,2380,2,18450,41,5,6,1021,1965,129000,1,1,1,1,1,1
1679,3,1,6,2,1994,1679,3,8125,65,5,6,1408,1994,193500,0,1,1,1,1,1
1437,3,1,3,1,1999,1437,2,14175,70,6,5,1188,1956,168000,0,0,0,1,1,1
1180,2,1,1,1,1922,1180,1,11600,80,5,4,700,1922,137500,0,0,0,1,0,1
738,3,1,6,3,2005,1476,3,8633,64,5,6,738,2005,173500,0,0,1,1,1,0
697,3,1,4,1,1930,1369,2,6629,54,6,6,672,1925,103600,1,0,0,1,1,1
1208,3,1,5,2,1977,1208,2,11250,50,6,6,1208,1977,165000,0,0,1,1,1,0
1839,3,1,6,3,1957,1839,3,14442,110,7,6,1477,1957,257500,0,1,1,1,1,1
1136,3,1,3,1,1965,1136,2,9200,80,6,6,1136,1965,140000,0,0,0,1,1,0
855,3,1,5,1,1978,1441,2,2289,24,6,6,855,1978,148500,1,0,0,1,1,0
1095,4,1,1,1,1920,1774,2,9600,60,2,4,1095,1900,87000,1,0,0,1,0,1
792,2,1,1,1,1924,792,3,9022,52,8,5,768,1924,109500,0,0,0,1,0,1
2046,3,2,1,3,2008,2046,3,11844,80,5,8,2046,2008,372500,0,1,1,1,0,0
988,3,1,3,1,1963,988,2,9945,50,5,5,988,1961,128500,0,1,0,1,1,0
923,2,1,4,2,1980,923,2,8012,50,5,6,923,1980,143000,0,0,0,1,1,0
848,3,1,3,1,1968,1520,2,4500,55,5,5,793,1932,159434,1,0,0,1,1,1
1291,2,2,6,1,1996,1291,3,2887,90,5,6,1291,1996,173000,0,0,0,1,1,1
1668,3,3,6,2,2002,1668,3,11248,90,5,9,1626,2002,285000,0,1,1,1,1,0
1195,4,1,1,3,1998,1839,2,16770,58,5,7,1195,1998,221000,1,1,1,1,0,0
1190,3,2,6,3,1984,2090,3,5062,72,5,7,1190,1984,207500,1,0,0,1,1,0
874,3,1,1,3,2007,1761,3,10207,84,6,7,874,2007,227875,1,0,1,1,0,0
551,2,1,6,1,2004,1102,3,5105,74,5,7,551,2004,148800,1,0,1,1,1,0
1419,2,3,5,2,2007,1419,3,8089,60,6,8,1419,2007,392000,0,0,0,1,1,0
1362,2,3,5,2,2005,1362,3,7577,61,5,6,1362,2005,194700,0,1,1,1,1,1
848,1,4,6,2,2004,848,3,4426,73,5,6,848,2004,141000,0,1,0,1,1,0
2444,4,4,6,3,1994,4316,4,21535,104,6,10,2444,1994,755000,1,1,1,1,1,1
1238,4,4,6,2,1989,2519,3,26178,42,5,7,1210,1989,335000,1,1,1,1,1,1
1073,2,1,1,1,1968,1073,2,5400,60,6,5,1073,1921,108480,0,0,0,1,0,1
1067,3,1,1,1,1995,1539,2,6120,51,6,5,927,1936,141500,1,0,0,1,0,1
1137,2,1,6,1,1987,1137,3,13811,54,6,6,1112,1987,176000,0,1,0,1,1,0
616,2,1,2,1,1921,616,2,6000,50,7,5,616,1921,89000,0,0,0,1,1,1
1148,2,2,2,1,1952,1148,2,6420,57,7,5,980,1952,123500,0,0,0,1,1,0
894,3,1,6,1,1973,894,2,8450,65,8,5,894,1965,138500,0,0,1,1,1,1
1391,2,2,3,2,2004,1391,3,4282,59,5,7,1391,2004,196000,0,0,1,1,1,0
1800,3,4,6,3,2002,1800,3,14331,85,5,8,1800,2002,312500,0,1,1,1,1,0
1164,3,1,1,1,1969,1164,2,9600,80,5,7,1164,1969,140000,0,1,0,1,0,0
1264,4,1,1,3,2006,2576,4,12438,82,5,8,1234,2006,361919,1,1,1,1,0,0
1032,4,1,1,1,1999,1812,3,7630,76,9,5,360,1900,140000,0,0,0,1,0,1
1484,3,3,6,2,2004,1484,3,8400,70,5,7,1473,2004,213000,0,1,1,1,1,1
372,3,0,0,0,1930,1092,1,5600,70,5,4,0,1930,55000,1,0,0,0,0,1
1824,2,4,6,1,1971,1824,3,115149,82,5,7,1643,1971,302000,0,1,1,1,1,1
1324,2,1,6,3,2006,1324,3,6240,48,5,8,1324,2006,254000,0,1,1,1,1,0
728,3,3,1,3,2007,1456,3,9018,65,5,7,728,2007,179540,1,0,1,1,0,0
904,3,1,1,1,1966,904,2,7162,74,7,5,876,1966,109900,0,1,0,1,0,0
729,2,1,1,1,1935,729,2,4130,56,6,3,270,1935,52000,0,0,0,0,0,1
859,2,2,1,2,1964,1178,2,8712,66,7,4,859,1900,102776,1,0,0,1,0,1
1228,2,2,6,3,1988,1228,3,4671,40,5,8,1228,1988,189000,0,0,1,1,1,1
960,3,3,5,1,1970,960,2,9873,60,5,4,960,1970,129000,0,1,1,1,1,0
725,3,1,6,2,1976,1479,3,13517,60,8,6,725,1976,130500,1,1,1,1,1,1
1350,3,1,1,2,1974,1350,2,10140,78,5,6,1064,1974,165000,0,1,0,1,0,0
1576,3,1,1,1,1996,2554,2,10800,60,8,7,718,1890,159500,1,0,1,1,0,1
1178,3,1,4,1,1973,1178,3,10000,80,6,5,1176,1973,157000,0,0,0,1,1,1
1325,3,4,6,2,1993,2418,3,10542,96,5,7,1311,1993,341000,1,1,1,1,1,1
971,3,4,5,1,1969,971,2,9920,69,6,5,971,1969,128500,0,0,0,1,1,0
1742,2,4,6,2,1985,1742,3,6563,96,5,8,1742,1985,275000,0,0,1,1,1,0
848,1,3,6,2,2004,848,3,4426,60,5,6,848,2004,143000,0,1,0,1,1,0
864,3,1,5,1,1994,864,2,8120,70,7,4,864,1970,124500,0,0,0,1,1,0
997,4,1,1,1,1958,1470,2,8172,60,6,4,941,1954,135000,0,0,0,1,0,1
1698,3,1,6,2,2007,1698,4,13286,86,5,9,1698,2007,320000,0,1,1,1,1,1
864,3,1,2,1,1989,864,3,6960,60,6,4,864,1970,120500,0,0,0,1,1,0
1680,3,1,6,3,1988,1680,3,21695,76,9,6,880,1988,222000,0,1,1,1,1,1
1232,2,3,6,2,2007,1232,3,7314,64,5,7,1232,2007,194500,0,1,0,1,1,0
1776,4,1,1,1,1968,1776,2,11475,85,5,5,1584,1958,110000,0,1,1,1,0,0
848,2,1,4,1,1962,1208,2,6240,52,5,4,780,1925,103000,0,0,1,1,1,1
1616,2,1,6,2,1995,1616,3,5389,39,5,8,1595,1995,236500,0,0,1,1,1,1
1146,3,3,6,2,2003,1146,3,9590,73,5,7,868,2003,187500,0,1,1,1,1,0
1153,3,3,5,3,1998,2031,3,11404,75,5,7,1153,1998,222500,1,1,1,1,1,1
1144,3,1,4,2,1961,1144,2,10000,80,6,5,864,1961,131400,0,0,0,1,1,1
948,3,1,1,1,1968,948,2,8978,85,5,5,948,1968,108000,0,0,0,1,0,0
880,2,2,5,1,1914,1768,2,10800,60,7,7,880,1914,163000,1,0,1,1,1,1
1040,2,0,6,1,1949,1040,2,8544,60,4,3,0,1950,93500,0,0,0,1,0,0
901,3,1,1,2,2005,1801,3,10463,72,5,8,893,2005,239900,1,0,1,1,0,0
1200,3,4,6,0,1987,1200,2,10800,60,5,5,1200,1987,179000,0,0,0,0,1,1
864,3,1,1,2,2004,1728,3,9313,65,5,7,864,2004,190000,1,0,1,1,0,0
768,2,1,1,1,1910,1432,2,9600,60,7,5,264,1910,132000,1,0,0,1,0,1
912,3,2,6,1,1962,912,3,6768,65,8,6,912,1961,142000,0,0,0,1,1,1
1349,3,1,6,1,2000,1349,2,8450,65,5,7,1349,2000,179000,0,1,1,1,0,1
1464,3,3,5,2,1997,1464,2,12886,70,6,5,520,1963,175000,0,0,0,1,1,1
1337,2,1,6,2,1993,1337,3,5395,41,5,8,1337,1993,180000,0,0,0,1,1,0
1175,4,1,6,3,1994,2715,3,8963,80,9,8,1142,1976,299800,1,1,1,1,1,1
980,4,1,6,3,2000,2256,3,8795,80,5,7,952,2000,236000,1,0,1,1,1,0
1320,4,1,1,1,1950,2640,3,11700,65,7,7,1240,1880,265979,1,0,0,1,0,1
1720,3,1,6,3,1996,1720,3,10593,59,5,7,1720,1996,260400,0,1,1,1,1,0
1088,4,0,0,1,1945,1529,2,8405,50,3,4,0,1945,98000,1,0,0,1,1,1
792,3,1,1,0,1910,1140,2,8800,55,7,4,576,1910,96500,1,0,1,0,0,1
660,3,1,1,3,2003,1320,3,7750,90,5,7,660,2003,162000,1,0,1,1,0,0
1494,3,4,6,2,1997,1494,3,9236,79,5,6,1479,1997,217000,0,0,1,1,1,0
1038,2,2,1,2,2005,2098,4,10240,80,5,8,1030,2005,275500,1,1,1,1,0,0
1026,3,1,6,2,1969,1026,3,7930,61,8,6,1026,1969,156000,0,0,1,1,1,1
742,3,1,6,1,1999,1471,2,3230,34,5,6,729,1999,172500,1,1,1,1,1,0
866,3,3,6,2,2007,1768,3,10769,68,5,8,866,2007,212000,1,0,1,1,1,0
672,3,2,3,3,1978,1386,2,11616,76,5,6,672,1978,158900,1,1,0,1,1,0
757,3,1,5,1,1999,1501,2,2280,24,5,7,744,1999,179400,0,1,0,1,1,0
1328,4,3,2,2,1995,2531,3,12257,65,5,8,1318,1995,290000,1,1,1,1,1,0
864,2,1,3,1,2008,864,2,9100,70,6,6,864,1959,127500,0,0,0,1,1,0
1301,2,2,2,1,1965,1301,1,6911,60,5,5,1145,1924,100000,0,0,0,1,1,1
764,3,2,6,1,2009,1547,3,8640,72,5,7,756,2009,215200,1,0,1,1,1,0
1268,2,2,6,2,1999,2365,3,9430,82,5,8,1252,1999,337000,1,1,1,1,1,0
1494,1,3,2,3,1995,1494,4,9549,30,5,8,1494,1995,270000,0,0,1,1,1,1
1506,2,1,1,2,2008,1506,4,14587,75,5,9,1498,2008,264132,0,1,1,1,0,0
980,2,1,4,1,1988,1714,2,10421,80,5,7,980,1988,196500,1,1,1,1,1,0
983,4,2,5,1,1989,1750,2,12508,75,7,6,983,1940,160000,1,0,0,1,1,1
1836,3,1,6,3,2004,1836,3,9100,70,5,7,1860,2004,216837,0,0,1,1,1,1
1690,4,4,5,3,2003,3279,4,53504,47,5,8,1650,2003,538000,1,1,1,1,1,0
858,2,3,6,1,1983,858,2,7252,182,5,5,858,1982,134900,0,0,0,1,1,0
1220,2,1,2,1,1951,1220,2,8877,67,5,4,836,1951,102000,0,0,0,1,1,0
1117,3,3,5,2,1976,1117,2,7819,94,5,6,1029,1976,107000,0,0,0,1,1,0
912,2,1,3,2,1958,912,2,10150,70,5,5,912,1958,114500,0,1,0,1,1,0
1973,3,3,1,3,2006,1973,3,14226,110,5,8,1935,2006,395000,0,1,1,1,0,0
1204,2,1,6,2,1998,1204,2,4500,32,5,6,1204,1998,162000,0,1,1,1,1,0
1614,3,3,6,2,2005,1614,3,11210,86,5,7,1614,2005,221500,0,1,1,1,1,1
894,3,1,5,1,1974,894,2,13350,100,5,5,864,1974,142500,0,0,0,1,1,0
2020,4,0,0,1,1977,2020,2,8400,60,5,5,0,1977,144000,0,1,0,1,1,0
1004,2,4,6,1,1977,1004,2,10530,78,5,6,975,1977,135000,0,1,0,1,1,0
1253,3,1,1,3,1995,1253,2,7875,63,5,7,1237,1995,176000,0,1,1,1,0,1
810,3,1,5,2,1992,1603,3,7153,65,5,6,761,1992,175900,0,0,1,1,1,0
1430,3,1,1,2,2001,1430,3,16285,67,5,7,1413,2001,187100,0,0,1,1,0,1
1110,2,3,6,3,1978,1110,3,9101,65,6,5,1097,1978,165500,0,1,1,1,1,0
742,3,1,1,0,1914,1484,2,6300,35,6,6,742,1914,128000,1,0,1,0,0,1
1342,3,1,3,1,1967,1342,2,9790,70,5,6,1372,1967,161500,0,0,0,1,1,0
966,4,1,2,1,1961,1652,2,10800,60,6,5,686,1915,139000,1,0,0,1,1,1
956,4,1,6,2,2004,2084,3,10142,76,5,7,956,2004,233000,1,0,1,1,1,0
901,2,1,1,1,1954,901,2,6000,50,7,4,901,1954,107900,0,0,0,1,0,1
976,5,4,2,3,1966,2087,3,12205,68,8,6,832,1966,187500,1,1,1,1,1,1
1145,2,1,6,3,2005,1145,3,3182,43,5,7,1145,2005,160200,0,1,1,1,1,1
1062,3,3,5,2,1976,1062,2,11333,134,5,6,1029,1976,146800,0,0,0,1,1,0
1127,3,3,5,1,1997,2013,2,9920,92,5,7,1117,1996,269790,1,0,1,1,1,1
1496,5,3,1,2,2007,1496,3,9158,76,5,8,1496,2007,225000,0,1,1,1,0,0
1086,3,1,1,3,1994,1895,3,10832,120,5,7,712,1994,194500,1,0,1,1,0,1
888,3,1,1,1,1980,1564,2,8400,70,6,6,650,1980,171000,1,1,1,1,0,1
1285,3,1,1,2,1977,1285,2,8197,71,5,6,660,1977,143500,0,1,0,1,0,0
773,2,1,3,1,1953,773,2,7677,57,5,5,773,1953,110000,0,0,0,1,1,0
1966,4,1,1,3,2009,3140,4,13518,104,5,9,1926,2008,485000,1,1,1,1,0,1
981,3,1,5,1,1939,1768,3,7200,60,7,5,731,1937,175000,1,1,0,1,1,1
616,4,4,6,2,1997,1688,3,12798,79,5,6,616,1997,200000,1,0,1,1,1,0
1196,2,1,2,1,1957,1196,2,4800,40,7,4,1196,1916,109900,0,0,0,1,1,1
728,3,3,6,3,2005,1456,3,8199,63,5,7,728,2005,189000,1,0,1,1,1,0
1734,3,4,1,2,2009,2822,4,13891,107,5,9,1734,2008,582933,1,1,1,1,0,1
1128,2,1,2,1,1954,1128,2,9000,75,5,5,936,1954,118000,0,0,0,1,1,0
1428,3,1,4,2,2008,1428,4,12274,91,5,7,1417,2008,227680,0,1,1,1,0,0
980,3,3,4,3,1967,980,2,9750,75,5,5,980,1967,135500,0,0,0,1,1,0
1072,3,4,6,2,1923,1576,3,21384,144,6,5,1324,1923,223500,1,0,1,1,1,1
1086,3,3,5,2,1966,1086,2,13400,85,5,5,1024,1966,159950,0,1,0,1,1,0
1075,2,1,1,1,1910,2138,2,8100,90,5,5,849,1898,106000,1,0,1,1,0,1
1309,3,1,5,2,1974,1309,3,10140,78,6,6,1040,1974,181000,0,1,0,1,1,1
848,1,4,6,3,2004,848,3,4438,90,5,6,848,2004,144500,0,1,0,1,1,0
1044,2,3,1,1,1952,1044,1,8712,66,5,5,540,1952,55993,0,0,0,1,0,0
1442,4,1,3,2,1958,1442,2,9750,75,6,6,1442,1958,157900,0,1,0,1,1,0
686,3,1,1,1,1955,1250,1,8248,45,7,5,686,1918,116000,1,0,0,1,0,1
1661,3,1,1,2,1998,1661,3,12137,48,5,7,1649,1998,224900,0,1,1,1,0,0
1008,2,1,4,1,1954,1008,2,11425,103,6,5,1008,1954,137000,0,0,0,1,1,0
1689,3,1,6,2,2002,1689,3,13265,59,5,8,1568,2002,271000,0,1,1,1,1,0
1052,3,3,4,1,1971,1052,2,8816,80,7,6,1010,1971,155000,0,1,0,1,1,0
1358,3,2,1,2,2010,1358,3,6371,44,5,7,1358,2009,224000,0,1,1,1,1,1
798,3,1,1,2,2003,1640,3,7226,72,5,7,798,2003,183000,0,0,1,1,0,0
936,2,1,1,1,1974,936,2,6000,60,4,4,936,1953,93000,0,0,1,1,0,0
847,3,4,1,3,2003,1733,3,12394,30,5,7,847,2003,225000,1,0,1,1,0,0
944,3,1,1,1,1940,1489,2,9900,60,7,6,778,1940,139500,1,0,0,1,0,1
1489,3,1,1,2,2006,1489,3,11216,81,5,8,1489,2006,232600,0,0,1,1,0,0
2084,2,3,6,3,2007,2084,4,14803,114,5,10,2078,2007,385000,0,1,1,1,1,1
784,2,1,5,0,1924,784,3,6130,50,6,5,784,1924,109500,0,0,0,0,1,1
1434,3,1,6,2,2001,1434,3,8529,65,5,7,1454,2001,189000,0,0,1,1,1,0
1160,3,4,2,3,1967,2126,2,28698,42,5,5,1013,1967,185000,1,0,0,1,1,0
520,2,1,1,2,2005,1223,3,2544,24,5,7,600,2005,147400,1,0,1,1,0,0
1392,3,1,3,2,1957,1392,2,11900,80,5,6,1392,1957,166000,0,1,0,1,1,0
520,2,1,1,2,2005,1200,3,3180,30,5,7,600,2005,151000,1,0,1,1,0,0
941,3,1,6,2,2003,1829,3,9548,44,6,7,941,2003,237000,1,1,1,1,1,0
1516,3,1,3,2,1964,1516,2,10004,100,6,6,1516,1964,167000,0,1,0,1,1,0
1144,3,1,3,1,1961,1144,2,7875,75,6,5,1144,1961,139950,0,1,0,1,1,0
1067,2,1,4,1,1996,1067,3,9600,60,7,4,1067,1950,128000,0,0,0,1,1,1
1559,4,1,3,1,1948,1559,2,8100,90,6,5,1559,1948,153500,0,0,1,1,1,1
483,2,1,4,1,1973,987,2,1680,21,5,6,483,1973,100000,1,1,0,1,1,0
1099,3,1,1,1,1999,1099,3,9525,75,6,5,1099,1995,144000,0,0,0,1,0,1
768,3,1,4,1,1946,1200,2,11767,70,6,5,768,1946,130500,1,0,0,1,1,1
810,4,1,4,1,1934,1482,1,12155,83,8,6,672,1925,140000,1,0,0,1,1,1
958,3,1,1,1,1983,1539,3,10440,60,8,5,650,1904,157500,1,0,1,1,0,1
1165,3,4,3,2,1966,1165,2,9020,82,7,6,1127,1966,174900,0,1,1,1,1,0
1800,6,1,1,0,1961,1800,2,8000,80,4,5,1800,1961,141000,0,0,0,0,0,0
876,4,2,1,1,1949,1416,2,12665,100,8,5,876,1915,153900,1,0,0,1,0,1
1701,3,4,5,3,1975,1701,2,16647,61,5,5,1390,1975,171000,0,0,0,1,1,1
1006,3,1,5,2,1993,1775,3,9317,75,5,7,740,1993,213000,1,1,1,1,1,0
864,3,3,4,1,1972,864,2,15523,36,6,5,864,1972,133500,0,0,0,1,1,0
1307,5,1,1,1,1908,2358,2,45600,75,8,6,907,1908,240000,1,0,1,1,0,1
1094,3,1,1,2,1976,1855,2,9600,80,7,6,528,1976,187000,1,1,1,1,0,1
848,1,3,6,3,2003,848,3,4435,36,5,6,848,2003,131500,0,1,0,1,1,0
1456,2,4,1,3,2003,1456,3,3196,43,5,8,1273,2003,215000,0,1,1,1,0,0
918,4,1,3,1,1941,1646,2,7128,53,5,7,918,1941,164000,1,0,0,1,1,1
1445,2,4,1,2,1964,1445,2,12095,52,6,6,1127,1964,158000,0,1,0,1,1,0
1779,3,2,5,1,1955,1779,2,17920,102,4,5,1763,1955,170000,0,0,1,1,1,1
1040,3,1,5,1,1962,1040,2,6897,55,8,5,1040,1962,127000,0,0,1,1,1,1
1026,3,4,6,1,1981,1026,2,10970,80,6,6,940,1978,147000,0,0,0,1,1,0
702,3,1,1,3,1994,1481,2,8125,65,5,6,702,1994,174000,1,0,1,1,0,1
1370,3,1,1,2,1976,1370,2,10400,80,5,7,1090,1976,152000,0,1,0,1,0,0
1512,4,2,4,1,1968,2654,3,11029,59,7,6,1054,1968,250000,1,1,1,1,1,1
912,3,1,1,1,1925,1426,3,7642,55,8,7,912,1918,189950,1,0,1,1,0,1
1039,3,2,4,1,1965,1039,2,11625,75,4,5,1039,1965,131500,0,0,0,1,1,0
1097,3,1,6,1,1986,1097,2,9672,81,5,6,1040,1984,152000,0,0,0,1,1,1
1148,3,1,4,1,1959,1148,2,7931,70,5,5,1148,1959,132500,0,0,0,1,1,0
1372,3,1,1,3,2008,1372,3,8640,72,5,7,1372,2007,250580,0,0,1,1,0,1
1002,3,1,4,1,1973,1002,2,8750,74,6,5,1002,1970,148500,0,1,0,1,1,0
1646,3,3,5,2,2007,1646,3,10656,67,5,8,1638,2006,248900,0,1,1,1,0,1
1120,3,1,5,2,1961,1120,1,6970,85,5,4,1040,1961,129000,0,0,0,1,1,0
1547,2,0,0,1,1979,2320,2,14762,43,6,5,0,1948,169000,1,0,1,1,1,1
1062,3,1,6,3,1993,1949,3,9938,80,5,7,1050,1993,236000,1,1,1,1,1,1
894,2,1,1,2,1962,894,2,6600,60,5,5,894,1962,109500,0,0,0,1,0,0
804,3,1,6,2,1998,1682,3,8750,70,5,6,804,1998,200500,1,1,1,1,1,0
910,3,3,1,1,1953,910,3,8892,74,7,5,105,1953,116000,0,0,0,1,0,1
1036,3,1,3,1,1949,1268,2,12144,60,7,5,832,1949,133000,0,0,1,1,1,1
676,3,1,1,1,1941,1131,2,5720,52,6,5,676,1941,66500,1,0,0,1,0,1
1184,4,3,6,3,2007,2610,4,9000,75,5,8,1184,2007,303477,1,0,1,1,1,0
1040,3,4,5,1,1963,1040,2,25286,94,5,4,1064,1963,132250,0,0,0,1,1,0
1462,4,1,6,3,2004,2224,4,8834,74,5,9,1462,2004,350000,0,1,0,1,1,1
1155,3,3,5,1,1987,1155,3,11782,88,7,5,1109,1961,148000,0,0,0,1,1,1
864,3,1,5,1,1978,864,2,7000,107,8,5,864,1978,136500,0,1,0,1,1,1
1090,2,1,5,3,2005,1090,2,7024,60,5,5,1090,2005,157000,0,0,1,1,1,1
1187,3,2,2,2,1990,1717,3,13758,44,5,7,1156,1990,187500,1,1,1,1,1,1
808,3,1,1,2,1993,1593,2,9636,34,5,6,808,1992,178000,1,0,1,1,0,1
954,5,1,1,1,1997,2230,2,6204,60,5,4,795,1912,118500,1,0,1,1,0,1
892,3,1,4,2,1967,892,2,7150,65,5,5,892,1967,100000,0,1,0,1,1,0
1709,2,3,6,3,1999,1709,3,5119,50,5,9,1698,1999,328900,0,1,1,1,1,1
1712,4,1,2,3,2005,1712,2,8393,70,5,5,1626,1959,145000,0,1,1,1,1,1
872,3,1,1,1,1955,1393,2,16466,59,7,5,816,1955,135500,1,0,0,1,0,0
2217,4,4,5,1,1970,2217,3,15865,95,6,8,2217,1970,268000,0,0,1,1,1,0
1505,2,1,5,2,1953,1505,2,12160,128,4,6,1505,1953,149500,0,1,0,1,1,0
672,3,2,1,1,2003,924,2,8064,60,7,5,672,1949,122900,1,0,0,1,0,1
918,3,1,2,2,1978,1683,2,11184,70,5,6,918,1978,172500,1,1,0,1,1,0
1068,3,1,6,2,1963,1068,2,8414,70,8,6,1059,1963,154500,0,0,0,1,1,1
1383,3,2,4,2,1954,1383,2,13284,86,5,5,1383,1954,165000,0,0,1,1,1,0
1535,4,0,0,1,1979,1535,2,7018,64,5,5,0,1979,118858,0,0,0,1,1,0
983,4,1,4,2,1963,1796,2,7056,71,5,6,780,1963,140000,1,1,1,1,1,0
951,2,1,5,1,1936,951,2,8765,50,6,4,951,1936,106500,0,0,1,1,1,1
1120,6,0,0,1,1979,2240,2,7018,64,5,5,0,1979,142953,1,0,0,1,1,0
2364,4,4,6,3,2009,2364,4,12919,100,5,9,2330,2009,611657,0,1,1,1,1,1
1236,3,1,4,1,1961,1236,2,6993,65,7,5,912,1961,135000,0,0,0,1,1,1
858,2,1,5,1,1979,858,2,7340,84,6,4,858,1971,110000,0,0,0,1,1,0
1306,2,2,4,1,1968,1306,2,8712,64,7,5,992,1957,153000,0,0,0,1,1,1
807,3,1,1,3,2003,1509,3,7875,63,5,7,783,2003,180000,1,0,1,1,0,0
1670,3,1,1,2,2006,1670,3,14859,50,5,7,1670,2006,240000,0,1,1,1,0,0
902,3,1,6,1,1967,902,2,6173,85,6,5,876,1967,125500,0,1,0,1,1,0
1063,3,1,3,2,1954,1063,2,9920,80,5,5,1056,1954,128000,0,1,0,1,1,0
1636,3,1,6,2,2006,1636,3,13501,116,5,8,1623,2006,255000,0,1,1,1,1,0
1020,3,1,3,3,1936,2057,3,11500,86,7,7,1017,1936,250000,1,0,0,1,1,1
902,2,3,4,1,1983,902,2,8885,75,5,5,864,1983,131000,0,0,0,1,1,0
742,3,1,1,3,2005,1484,3,12589,149,5,6,742,2005,174000,1,0,1,1,0,0
1105,5,1,3,2,1960,2274,2,11600,80,5,5,1105,1960,154300,1,1,0,1,1,0
1268,3,3,5,1,1978,1268,3,9286,73,7,5,1268,1977,143500,0,0,0,1,1,1
1015,3,1,3,1,1925,1015,2,6120,51,7,5,768,1925,88000,0,0,0,1,1,1
1001,2,1,4,1,1949,2002,2,6270,82,6,5,1001,1949,145000,1,0,0,1,1,1
612,2,3,6,2,2009,1224,3,3000,30,5,6,612,2009,173733,1,1,1,1,1,0
546,3,1,1,1,1970,1092,2,2001,21,5,4,546,1970,75000,1,1,0,1,0,0
480,4,3,4,1,1958,480,2,9000,50,3,2,480,1949,35311,0,0,0,1,1,1
1229,3,1,5,2,1956,1229,2,17140,80,6,4,1134,1956,135000,0,0,0,1,1,0
912,4,2,4,2,1991,2127,3,13125,103,5,7,1104,1991,238000,1,0,1,1,1,0
1414,3,1,5,1,1990,1414,2,11029,87,8,6,1184,1958,176500,0,0,1,1,1,1
936,3,1,6,2,1994,1721,3,8462,70,5,6,928,1994,201000,1,1,1,1,1,0
1272,4,1,5,0,1900,2200,2,8777,67,7,5,1272,1900,145900,1,0,1,0,1,1
1316,3,1,6,3,2005,1316,3,10237,65,5,6,1316,2005,169990,0,0,0,1,1,1
1617,2,1,2,2,1993,1617,3,8012,50,5,6,1604,1993,193000,0,0,1,1,1,1
1686,3,1,4,1,1980,1686,2,10240,79,6,6,1686,1980,207500,0,1,1,1,1,0
1126,3,3,5,2,1977,1126,4,15611,70,6,5,1126,1977,175000,0,0,0,1,1,0
1234,4,1,1,3,2003,2374,4,11999,93,5,8,1181,2003,285000,1,1,1,1,0,1
1098,4,1,4,2,1968,1978,2,9900,70,5,7,832,1968,176000,1,1,1,1,1,0
1788,3,3,1,2,2001,1788,4,11838,96,5,8,1753,2001,236500,0,0,1,1,0,0
993,4,1,1,3,1997,2236,3,13006,75,5,7,964,1997,222000,1,1,0,1,0,0
1466,3,3,6,3,2007,1466,3,8925,73,5,8,1466,2007,201000,0,0,1,1,1,0
925,2,1,4,1,1965,925,2,9100,70,6,5,925,1965,117500,0,0,0,1,1,0
1905,3,1,1,3,2006,1905,4,11670,84,5,9,1905,2006,320000,0,1,1,1,0,0
1500,3,3,6,2,2004,1500,3,8487,63,5,7,1500,2004,190000,0,1,1,1,1,0
2069,4,4,6,2,1960,2069,3,27650,313,7,7,585,1960,242000,0,0,0,1,1,1
747,1,2,1,1,1953,747,2,5825,52,5,4,600,1926,79900,0,1,0,1,0,1
1200,2,1,6,2,2003,1200,3,10083,67,5,7,1176,2003,184900,0,0,1,1,1,0
1113,3,2,6,2,2005,1971,3,9675,75,5,7,1113,2005,253000,1,0,1,1,1,0
1391,3,2,6,2,2006,1962,3,8760,73,5,7,1391,2006,239799,1,0,1,1,1,0
1207,1,2,1,1,1940,2403,2,24090,76,7,7,1032,1940,244400,1,0,0,1,0,1
1728,4,4,3,1,1976,1728,2,12640,55,5,6,1728,1976,150900,0,0,0,1,1,0
1022,3,1,5,2,1999,2060,3,8755,60,5,7,992,1999,214000,1,1,0,1,1,0
1440,4,4,1,0,1977,1440,2,7711,42,3,4,1440,1977,150000,0,0,0,0,1,0
1632,4,3,1,1,1967,1632,2,25000,100,4,5,1632,1967,143000,0,0,0,1,0,0
1344,3,1,6,2,1958,1344,3,14375,66,6,6,819,1958,137500,0,1,1,1,1,0
1188,3,1,2,1,1963,1869,2,8820,98,6,5,1088,1890,124900,1,0,0,1,1,1
1144,3,3,4,2,1959,1144,2,8163,70,6,5,1144,1959,143000,0,1,0,1,1,0
1629,3,3,6,3,2002,1629,3,14536,85,5,8,1616,2002,270000,0,1,1,1,1,1
936,3,0,1,2,2002,1776,3,14006,65,5,7,936,2002,192500,1,1,1,1,0,0
1381,3,1,5,1,1972,1381,3,9360,78,7,6,1161,1972,197500,0,0,0,1,1,1
864,3,1,5,2,1980,864,3,7200,60,8,5,864,1950,129000,0,0,0,1,1,1
965,3,1,4,1,1979,965,2,7800,60,5,5,828,1965,119900,0,0,0,1,1,0
768,2,3,1,3,1974,768,2,7200,60,8,5,768,1972,133900,0,0,0,1,1,1
1168,3,3,1,2,1969,1968,2,11075,68,4,5,784,1969,172000,1,1,1,1,1,0
980,4,4,4,0,1975,980,2,9400,35,5,6,945,1975,127500,0,1,0,0,1,0
979,4,1,3,1,1946,1958,2,7136,82,6,6,979,1946,145000,1,1,0,1,1,1
561,2,1,5,3,1980,1229,2,1300,24,6,6,561,1980,124000,1,0,0,1,1,0
1057,3,1,3,3,1977,1057,2,7420,70,5,5,1057,1962,132000,0,0,0,1,1,0
1337,3,2,6,2,2003,1337,3,8450,65,5,7,1337,2003,185000,0,0,1,1,1,0
696,3,1,5,1,1999,1416,3,2572,24,5,7,696,1999,155000,1,0,1,1,1,0
858,2,4,4,0,1958,858,2,7207,50,7,5,858,1958,116500,0,0,0,0,1,1
1542,4,1,5,3,1977,2872,2,12227,40,7,6,1330,1977,272000,1,1,1,1,1,1
804,3,1,3,1,1976,1548,3,2308,24,6,6,804,1976,155000,1,0,0,1,1,0
1800,2,1,1,3,2007,1800,4,11923,122,5,9,1800,2007,239000,0,0,1,1,0,0
824,4,1,6,2,2002,1894,3,11316,80,5,7,817,2002,214900,1,1,1,1,1,1
783,3,1,5,3,2005,1484,3,10237,65,5,6,783,2005,178900,1,0,1,1,0,1
976,2,1,3,1,1940,1308,2,9600,130,7,5,728,1940,160000,1,0,1,1,1,1
1098,3,1,5,1,1955,1098,2,7390,80,7,5,1098,1955,135000,0,1,0,1,1,0
600,3,1,1,0,1910,968,2,5925,50,6,3,600,1910,37900,0,0,0,0,0,1
1095,2,4,5,2,1958,1095,2,10382,75,5,6,588,1958,140000,0,1,0,1,1,0
720,4,1,1,0,1949,1192,2,10800,60,4,4,720,1949,135000,1,0,0,0,0,1
764,2,1,6,2,2003,1626,3,2268,36,5,7,764,2003,173000,1,1,1,1,1,1
918,2,1,1,1,1979,918,2,7892,55,5,6,918,1979,99500,0,0,0,1,0,0
1428,3,1,1,3,2007,1428,3,11639,95,5,7,1428,2007,182000,0,0,1,1,0,1
1136,3,1,1,1,1997,2019,3,11414,60,8,7,728,1910,167500,1,0,1,1,0,1
673,3,1,6,1,2000,1382,3,2651,36,5,7,673,2000,165000,1,0,1,1,1,0
869,2,1,1,0,1923,869,1,5900,51,7,4,440,1923,85500,0,0,0,0,0,1
1241,1,1,6,2,2007,1241,3,4274,35,5,7,1241,2006,199900,0,0,1,1,1,1
894,3,1,1,1,1999,894,2,9450,68,5,4,894,1954,110000,0,0,0,1,1,0
1121,3,1,3,1,1963,1121,2,8816,80,6,5,1121,1963,139000,0,0,1,1,1,0
999,3,3,5,2,1961,999,4,12122,60,9,7,944,1961,178400,0,1,1,1,1,1
1276,4,1,6,3,1998,2612,3,12203,98,5,8,1225,1998,336000,1,1,0,1,1,1
1266,2,3,1,3,2007,1266,3,3182,43,5,7,1266,2007,159895,0,1,1,1,0,0
1149,4,2,1,1,2002,2290,3,11250,85,5,8,1128,2002,255900,1,0,0,1,0,0
1302,4,0,0,1,1977,1734,3,10125,75,5,5,0,1977,126000,1,0,0,1,1,0
1164,3,1,5,1,1950,1164,2,10880,68,5,5,1164,1950,125000,0,0,1,1,1,0
1001,2,1,1,1,1950,1635,3,5310,59,8,6,485,1910,117000,1,0,0,1,0,1
1940,3,3,6,3,2010,1940,4,10159,83,5,9,1930,2009,395192,0,1,1,1,1,1
1118,4,1,2,3,1976,2030,3,12046,75,6,6,848,1976,195000,1,1,1,1,1,0
778,3,1,1,2,2006,1576,3,8125,65,5,7,770,2006,197000,1,0,1,1,0,0
1407,3,1,6,3,1997,2392,3,9452,82,5,8,1396,1997,348000,1,1,1,1,1,1
916,4,1,4,1,1925,1742,3,17671,121,9,8,916,1882,168000,1,0,1,1,1,1
1020,3,4,4,2,1964,1851,3,9760,80,8,6,822,1964,187000,1,1,1,1,1,1
750,3,1,1,2,2005,1500,3,8846,68,5,6,750,2005,173900,1,0,1,1,0,1
1718,3,4,6,3,2008,1718,4,12456,96,5,10,1700,2006,337500,0,1,1,1,1,1
774,3,1,5,1,1946,1230,2,4712,51,7,4,747,1946,121600,1,0,1,1,1,1
1050,3,1,3,1,1961,1050,2,10659,74,6,5,1050,1961,136500,0,0,1,1,1,0
1442,2,1,1,2,1970,1442,2,11717,50,6,6,1442,1970,185000,0,1,0,1,0,0
1077,3,1,1,1,1922,1077,2,9786,60,4,3,1007,1922,91000,0,0,1,1,0,1
1208,2,3,6,2,2006,1208,3,6762,64,5,7,1187,2006,206000,0,1,1,1,1,0
944,2,0,0,1,1956,944,1,10206,74,3,3,0,1952,82000,0,0,0,1,1,0
691,2,1,1,1,1920,691,4,5400,60,6,5,691,1920,86000,0,0,1,1,0,1
1574,3,1,6,2,2006,1574,3,11957,75,5,8,1574,2006,232000,0,1,1,1,1,0
1680,4,1,1,1,1976,1680,2,11500,68,6,5,1680,1976,136905,0,1,0,1,0,0
1504,1,1,6,3,2005,1504,3,3182,43,5,7,1346,2005,181000,0,1,0,1,1,1
985,3,3,6,1,1977,985,2,8385,65,8,5,985,1977,149900,0,1,0,1,1,0
1657,3,1,2,1,1970,1657,2,12155,60,3,6,1657,1970,163500,0,0,0,1,1,0
546,3,1,4,2,1970,1092,2,2217,21,4,4,546,1970,88000,0,0,0,1,1,0
1710,3,2,1,2,2004,1710,3,12118,43,5,7,1710,2004,240000,0,1,1,1,0,1
1008,4,1,1,0,1926,1522,2,6000,60,5,5,1008,1926,102000,0,0,0,0,0,1
720,3,1,1,2,1948,1271,2,21286,115,5,5,720,1948,135000,1,0,0,1,0,1
1664,4,0,0,0,1965,1664,2,9825,75,5,5,0,1965,100000,0,0,0,0,1,0
900,3,1,1,1,1923,1502,3,10592,55,7,6,602,1923,165000,1,0,0,1,0,1
1022,2,1,6,1,1956,1022,2,7200,60,4,5,1022,1910,85000,0,0,1,1,1,1
1082,2,1,4,1,1948,1082,2,11664,60,5,6,1082,1948,119200,0,1,1,1,1,1
810,3,1,6,3,2001,1665,3,8400,70,6,8,810,2001,227000,1,0,1,1,1,0
1504,3,4,6,3,1996,1504,3,11883,73,5,7,1504,1996,203000,0,1,1,1,1,0
1360,1,3,6,2,1984,1360,3,5814,51,5,8,1220,1984,187500,0,0,0,1,1,0
802,3,1,1,2,1991,1472,3,10784,65,5,7,384,1991,160000,1,1,0,1,0,1
1506,2,4,6,2,2005,1506,3,3013,43,5,7,1362,2005,213490,0,1,1,1,1,0
1132,2,1,6,3,2005,1132,3,7024,60,5,4,1132,2005,176000,0,0,1,1,1,0
1220,2,3,6,2,2006,1220,3,7406,64,5,7,1199,2006,194000,0,1,1,1,1,0
912,2,1,2,1,1957,1248,2,9439,52,5,5,912,1930,87000,1,0,0,1,1,1
1504,2,1,6,3,2005,1504,3,3182,43,5,7,1346,2005,191000,0,1,1,1,1,1
2898,2,3,5,3,1976,2898,3,15498,76,6,8,1565,1976,287000,0,0,1,1,1,0
882,3,1,2,1,1980,882,2,7700,70,5,5,882,1972,112500,0,0,0,1,1,0
1264,3,1,3,1,1960,1264,2,9300,73,5,5,1268,1960,167500,0,1,0,1,1,0
1646,3,4,6,2,2008,1646,3,9520,71,5,8,1638,2007,293077,0,1,1,1,1,1
968,3,1,3,1,1941,1376,2,9492,79,5,5,768,1941,105000,1,0,0,1,1,1
672,2,1,4,1,1972,1218,2,1680,21,7,6,672,1972,118000,1,1,1,1,1,0
948,5,2,1,0,1916,1928,2,7082,77,8,5,686,1916,160000,1,0,0,0,0,1
1687,5,1,6,3,1970,3082,2,15863,102,3,7,824,1920,197000,1,0,1,1,1,1
1352,5,1,6,2,1993,2520,3,14541,63,7,8,1338,1993,310000,1,0,1,1,1,0
1654,3,1,6,1,2002,1654,3,8125,81,5,7,1654,2002,230000,0,1,1,1,1,0
954,2,1,1,1,1938,954,1,6305,50,7,5,920,1938,119750,0,0,0,1,0,1
845,3,0,0,1,1957,845,2,11500,70,3,4,0,1957,84000,0,0,0,1,0,0
1620,2,4,6,3,2008,1620,4,12898,89,5,9,1620,2007,315500,0,1,0,1,1,1
1055,3,1,1,3,2001,2263,3,9240,93,5,8,1055,2001,287000,1,1,1,1,0,1
798,3,1,1,0,1970,1344,2,1533,21,6,4,546,1970,97000,1,0,0,0,0,1
630,1,3,6,1,1970,630,2,1477,21,4,4,630,1970,80000,0,0,0,1,1,0
1803,3,1,3,2,1957,1803,2,13125,88,4,5,1134,1957,155000,0,1,0,1,1,1
800,4,1,6,1,1966,1632,3,9130,80,8,6,800,1966,173000,1,1,1,1,1,1
1306,1,3,5,2,2005,1306,3,5381,34,5,6,1306,2005,196000,0,1,1,1,1,0
1532,4,1,6,1,1990,2329,3,11839,86,5,7,1475,1990,262280,1,1,1,1,1,0
2524,4,1,5,3,1981,2524,3,9600,80,5,8,2524,1981,278000,0,0,1,1,1,0
1733,4,0,0,1,1955,1733,2,13680,53,5,3,0,1955,139600,0,0,0,1,1,0
1992,4,3,6,3,2005,2868,4,16056,85,5,9,1992,2005,556581,1,1,1,1,1,1
990,3,1,6,1,1996,990,2,9245,57,5,5,990,1994,145000,0,0,0,1,1,1
1771,3,0,0,1,1960,1771,2,21750,100,4,5,0,1960,115000,0,1,0,1,1,1
930,2,0,1,1,1946,930,3,11100,60,7,4,0,1946,84900,0,0,0,1,1,1
1302,3,3,1,3,2007,1302,3,8993,73,5,7,1302,2007,176485,0,0,1,1,0,0
1316,3,3,6,3,2007,1316,3,11175,103,5,7,1316,2007,200141,0,0,1,1,0,0
1127,4,1,3,2,1964,1977,2,9500,100,6,6,816,1964,165000,1,1,1,1,1,1
1526,4,3,3,1,1957,1526,2,8562,68,6,5,1216,1957,144500,0,1,1,1,1,1
1091,3,2,6,3,2002,1989,3,11367,90,5,8,1065,2002,255000,1,1,1,1,1,0
1523,1,1,5,3,1976,1523,2,11361,104,5,6,1193,1976,180000,0,1,0,1,1,0
1364,2,3,6,2,2005,1364,3,7052,43,5,7,1364,2005,185850,0,1,1,1,1,0
979,3,1,6,3,1994,1850,3,29959,51,6,7,973,1994,248000,1,0,1,1,1,0
1130,3,3,6,3,2008,2184,4,11308,96,5,9,1104,2008,335000,1,1,1,1,1,0
1096,3,2,3,1,1977,1991,2,11275,74,7,6,854,1932,220000,1,1,0,1,1,1
1338,2,2,6,3,2001,1338,3,4920,41,5,8,1338,2001,213500,0,0,0,1,1,0
894,2,1,1,2,1994,894,2,18000,120,4,3,894,1935,81000,0,0,1,1,0,1
1422,5,1,1,1,1945,2337,2,13600,85,5,5,662,1900,90000,1,0,1,1,0,1
1103,2,1,4,1,1976,1103,3,6000,50,6,6,1103,1925,110500,0,0,1,1,1,1
1154,3,2,4,2,1966,1154,2,11000,60,6,5,1154,1966,154000,0,1,1,1,1,0
1306,3,4,6,2,1996,2260,3,14000,80,5,7,1306,1996,328000,1,0,1,1,1,1
799,3,1,1,2,1993,1571,2,7837,59,7,6,799,1993,178000,1,0,1,1,0,1
798,4,4,6,2,1964,1611,2,9760,80,6,6,780,1964,167900,1,1,1,1,1,0
1291,5,1,5,1,1973,2521,2,3964,42,4,6,942,1973,151400,1,0,1,1,1,0
893,2,1,5,1,1985,893,3,9600,60,7,5,845,1949,135000,0,0,0,1,1,1
1048,3,1,4,1,1956,1048,2,10152,72,5,5,1048,1956,135000,0,1,1,1,1,0
829,4,1,3,1,1968,1556,2,11700,78,6,6,727,1968,154000,1,0,0,1,1,0
1002,4,2,1,1,1954,1456,2,7585,50,3,5,810,1948,91500,1,0,0,1,0,1
698,3,1,4,3,1977,1426,2,7950,75,6,6,690,1977,159500,1,1,0,1,1,0
1240,2,3,1,2,2006,1240,3,8556,74,5,7,1240,2006,194000,0,0,1,1,0,0
960,3,1,4,1,1940,1740,2,13125,75,6,7,800,1940,219500,1,0,0,1,1,1
1096,3,1,5,1,1950,1466,3,10800,60,8,5,796,1936,170000,1,0,1,1,1,1
1096,3,2,4,3,1969,1096,2,15870,60,5,5,1096,1969,138800,0,0,1,1,1,0
848,3,2,6,2,2004,848,3,4435,37,5,6,848,2004,155900,0,1,0,1,1,0
990,3,1,6,1,1996,990,2,8775,65,5,5,990,1994,126000,0,0,1,1,1,0
1258,3,1,5,1,1971,1258,3,11040,80,7,6,1258,1971,145000,0,1,0,1,1,1
1040,3,1,5,3,1963,1040,2,7500,75,5,5,1040,1963,133000,0,0,0,1,1,0
1459,3,1,1,2,2002,1459,3,8749,70,5,7,1459,2002,192000,0,1,1,1,0,0
1251,3,1,1,1,1964,1251,2,8800,80,6,6,1251,1964,160000,0,1,1,1,1,0
691,3,1,5,3,1995,1498,2,13031,65,5,6,691,1995,187500,1,0,1,1,1,1
996,2,3,6,1,1992,996,3,9069,73,6,6,936,1992,147000,0,0,0,1,1,0
546,3,1,4,2,1973,1092,2,1974,63,5,4,546,1973,83500,1,0,1,1,1,0
1082,3,2,1,2,2005,1953,3,10574,85,5,8,1082,2005,252000,1,0,1,1,0,1
970,3,1,1,1,2004,1709,3,2522,24,5,7,970,2004,137500,1,1,1,1,0,0
1247,1,1,6,3,2005,1247,3,3316,37,5,8,1247,2005,197000,0,0,1,1,1,0
1040,2,0,0,1,1987,1040,2,8544,60,4,3,0,1950,92900,0,0,0,1,0,0
624,2,1,4,2,1999,1252,3,2160,24,5,7,600,1999,160000,1,1,1,1,1,1
1390,4,1,3,1,1925,1694,2,8400,60,5,6,1181,1925,136500,1,0,0,1,1,1
1200,1,2,6,1,1977,1200,3,9230,71,8,5,864,1965,146000,0,1,1,1,1,1
936,2,1,4,3,1956,936,2,5868,74,7,5,936,1956,129000,0,0,0,1,1,1
1314,3,1,6,2,2006,1314,3,9317,78,5,6,1314,2006,176432,0,0,1,1,1,0
773,3,1,1,0,1914,1355,3,6882,60,7,6,684,1914,127000,1,0,0,0,0,1
1088,2,1,1,2,1987,1088,3,3696,70,5,8,1074,1986,170000,0,0,1,1,0,0
757,3,1,4,1,1936,1324,2,6000,50,6,4,672,1936,128000,1,0,0,1,1,1
1601,3,1,5,2,1978,1601,2,11880,82,5,7,1271,1978,157000,0,1,0,1,1,0
438,1,1,3,1,1930,438,1,8400,60,5,2,290,1920,60000,0,0,0,1,1,1
950,3,1,4,1,1981,950,2,9758,61,5,5,950,1971,119500,0,0,0,1,1,0
1134,2,1,5,1,1960,1134,2,7000,70,7,5,1010,1960,135000,0,1,1,1,1,1
1194,3,2,5,3,1954,1194,2,8910,79,6,6,655,1959,159500,0,0,0,1,1,0
630,3,1,1,1,1970,1302,2,2016,24,5,5,630,1970,106000,1,1,0,1,0,0
1500,3,3,6,2,1994,2622,3,12256,98,5,8,1463,1994,325000,0,1,1,1,1,1
1442,3,2,6,3,1990,1442,3,10357,114,5,7,910,1990,179900,0,0,1,1,1,1
887,3,1,1,2,2006,2021,3,23257,168,5,7,868,2006,274725,1,0,1,1,0,0
948,3,1,1,2,2000,1690,2,8063,60,5,6,924,2000,181000,1,0,1,1,0,0
1836,3,2,6,3,2004,1836,3,11362,107,5,8,1836,2004,280000,0,1,1,1,1,1
773,3,1,6,3,1995,1658,2,8000,35,5,6,773,1995,188000,1,0,1,1,1,1
1098,4,1,1,2,1976,1964,2,10480,80,6,7,803,1976,205000,1,1,1,1,1,0
816,2,1,6,1,1957,816,2,7100,73,7,5,816,1957,129900,0,0,0,1,1,0
1008,2,1,4,1,1953,1008,3,8923,66,7,5,1008,1953,134500,0,0,1,1,1,1
833,2,1,3,1,1955,833,3,5400,90,7,5,833,1954,117000,0,0,0,1,1,1
1734,3,1,6,2,2007,1734,4,12085,93,5,8,1734,2007,318000,0,1,0,1,1,0
779,3,1,6,3,2002,1419,3,7750,89,5,8,408,2002,184100,1,0,0,1,1,0
894,3,1,4,2,1967,894,3,9764,57,7,5,894,1967,130000,0,0,0,1,1,1
1021,3,1,1,2,1958,1601,2,13825,85,6,5,533,1958,140000,1,0,1,1,0,1
1040,4,1,2,2,1959,1040,2,7560,70,5,5,1040,1959,133700,0,0,0,1,1,0
1012,2,1,1,1,1920,1012,2,8263,59,5,6,1012,1920,118400,0,0,1,1,0,1
1552,3,3,6,2,2005,1552,3,10084,84,5,7,1552,2005,212900,0,1,1,1,1,1
960,3,1,1,1,1956,960,2,8926,41,3,4,672,1956,112000,0,0,0,1,0,0
698,2,1,1,0,1947,698,2,9405,50,9,5,698,1947,118000,0,0,1,0,0,1
812,3,1,1,3,1992,1482,3,9125,65,5,7,384,1992,163900,1,1,1,1,0,0
1005,2,1,1,1,1977,1005,1,10434,60,5,4,1005,1955,115000,0,0,0,1,0,0
1555,2,1,1,3,2007,1555,3,3684,53,5,7,1373,2007,174000,0,1,1,1,0,0
1530,3,3,6,3,2004,1530,3,14572,182,5,7,1530,2004,259000,0,0,1,1,1,0
847,4,3,1,3,2004,1959,3,11796,59,5,7,847,2004,215000,1,0,1,1,0,1
936,2,4,6,1,1980,936,2,7200,60,5,5,936,1980,140000,0,1,0,1,1,0
1328,4,1,4,1,1981,1981,3,7804,65,3,4,1122,1928,135000,1,0,1,1,1,1
974,3,2,4,0,1991,974,2,10712,63,5,5,974,1991,93500,0,0,1,0,1,1
1178,5,2,1,1,1930,2210,1,9900,90,4,6,1008,1880,117500,1,0,1,1,0,1
1142,3,1,6,2,1995,2020,3,9828,80,5,8,1128,1995,239500,1,0,1,1,1,0
916,3,3,1,3,1997,1600,2,8773,57,5,6,916,1997,169000,1,0,1,1,0,0
986,2,1,1,1,1926,986,2,6180,60,5,6,960,1926,102000,0,0,1,1,0,1
1032,3,1,4,1,1950,1252,2,9600,80,5,6,1032,1950,119000,1,0,0,1,1,0
780,2,1,1,0,1875,1020,2,6342,54,8,5,780,1875,94000,1,0,0,0,0,1
1567,2,4,5,2,1977,1567,3,9819,65,5,6,1567,1977,196000,0,0,1,1,1,0
1167,3,1,4,1,1972,1167,2,8731,98,5,5,915,1920,144000,0,0,0,1,1,1
952,2,2,5,1,1988,952,2,7350,60,7,5,952,1951,139000,0,0,0,1,1,0
1088,4,1,5,1,1976,1868,3,10304,79,7,5,780,1976,197500,1,1,1,1,1,0
1466,4,4,6,2,2006,2828,3,9965,77,5,8,1466,2006,424870,1,1,1,1,1,1
1006,3,1,6,0,1959,1006,2,9000,55,3,5,1006,1959,80000,0,0,1,0,1,0
672,2,1,4,1,1941,924,1,12180,60,4,4,672,1941,80000,1,0,0,1,1,1
1042,3,1,1,1,1928,1576,2,6240,52,6,5,1042,1928,149000,1,0,0,1,0,1
1298,3,1,6,2,1985,1298,3,11200,60,5,6,1298,1985,180000,0,1,1,1,1,0
860,3,1,3,1,1941,1564,1,12000,75,7,7,704,1941,174500,1,0,0,1,1,1
572,2,1,1,1,1982,1111,2,5700,57,7,7,572,1926,116900,1,0,0,1,0,1
832,3,1,5,1,1930,1482,2,9000,50,9,7,650,1920,143000,1,0,0,1,1,1
932,2,1,1,1,1950,932,3,8280,57,5,6,932,1950,124000,0,0,0,1,0,0
1466,3,1,6,3,1959,1466,1,17755,134,4,5,1466,1959,149900,0,1,1,1,1,0
1811,2,1,5,3,1956,1811,4,14115,90,7,6,1073,1956,230000,0,0,0,1,1,1
816,2,3,1,1,2002,816,2,5890,63,8,6,816,1930,120500,0,0,0,1,1,1
902,4,4,5,1,1965,1820,3,13700,78,6,7,864,1965,201800,1,1,1,1,1,1
1437,3,4,5,2,1976,1437,3,10768,90,8,5,1437,1976,218000,0,0,1,1,1,1
1265,3,4,5,2,1965,1265,3,9350,85,8,5,1219,1965,179900,0,0,1,1,1,1
1314,2,1,6,2,2008,1314,3,5001,34,5,7,1314,2007,230000,0,1,1,1,1,1
1580,3,1,1,2,2008,1580,3,11932,92,5,8,1580,2007,235128,0,1,1,1,0,1
943,4,1,5,2,1974,1876,3,9120,76,6,6,901,1974,185000,1,1,1,1,1,0
855,3,1,6,1,1978,1456,2,2280,24,5,6,855,1978,146000,1,0,0,1,1,0
1640,3,1,4,1,1993,1640,3,14778,80,7,6,1296,1954,224000,0,1,0,1,1,1
894,3,1,4,2,1968,894,2,8724,109,5,5,894,1968,129000,0,0,0,1,1,0
1258,0,3,3,1,1969,1258,2,12900,60,4,4,1198,1969,108959,0,0,0,1,1,0
1432,2,4,5,1,1978,1432,3,16157,70,7,5,1360,1978,194000,0,0,1,1,1,0
1502,3,1,1,2,2009,1502,3,9541,79,5,7,1502,2009,233170,0,1,1,1,0,0
1694,2,3,1,2,2008,1694,3,10475,64,5,8,1694,2008,245350,0,1,1,1,0,0
959,3,1,6,3,2000,1671,2,10852,58,5,6,959,2000,173000,1,0,1,1,1,0
1236,4,1,3,1,1935,2108,3,13728,120,7,6,1127,1935,235000,1,0,0,1,1,1
1831,4,4,6,3,1995,3627,3,35760,118,5,10,1930,1995,625000,1,1,1,1,1,1
1118,3,3,5,3,1977,1118,2,9880,76,6,6,1096,1977,171000,0,0,0,1,1,0
1261,3,1,5,2,1958,1261,2,9120,76,6,6,1261,1958,163000,0,0,0,1,1,0
625,2,1,1,3,2006,1250,3,4017,35,5,7,625,2006,171900,1,0,1,1,0,1
1636,3,1,3,1,1946,3086,4,18030,138,6,5,1598,1946,200500,1,0,0,0,1,1
1170,4,1,3,1,1932,2345,2,16560,80,8,6,952,1932,239000,1,0,0,1,1,1
2129,4,1,6,3,1992,2872,3,10678,85,5,8,1683,1992,285000,1,1,1,1,1,1
923,3,1,5,1,1984,923,2,6951,37,5,5,876,1984,119500,0,0,0,1,1,1
818,3,1,3,1,1926,1224,2,3950,66,8,6,818,1926,115000,1,0,0,1,1,1
820,3,1,1,1,1921,1343,2,7681,54,6,5,731,1921,154900,1,0,0,1,0,1
1124,3,0,4,0,1954,1124,2,8335,77,5,5,0,1954,93000,0,0,1,0,0,0
1298,4,1,2,3,1990,2514,2,11170,32,5,7,1216,1990,250000,1,0,0,1,1,1
1652,2,4,6,2,2008,1652,3,5587,64,5,8,1600,2008,392500,0,1,1,1,1,0
2411,4,3,6,3,1996,4476,4,15623,160,5,10,2396,1996,745000,1,0,1,1,1,0
1130,2,1,4,1,1970,1130,2,10800,60,6,5,1120,1920,120000,0,0,0,1,1,1
1572,3,4,3,2,1963,1572,2,35133,50,4,5,1572,1963,186700,0,1,1,1,1,0
949,4,1,4,1,1965,1221,2,9738,60,7,5,784,1924,104900,1,0,0,1,1,1
1014,3,2,4,1,1920,1699,2,10615,107,5,3,978,1900,95000,1,0,1,1,1,1
1624,2,1,6,2,1994,1624,3,12461,89,5,8,1624,1994,262000,0,0,1,1,1,1
831,3,1,1,2,2002,1660,3,8935,68,5,7,831,2002,195000,1,1,1,1,0,0
1028,3,1,1,3,1999,1804,3,7500,60,5,7,994,1999,189000,1,0,1,1,0,0
1622,3,3,4,3,1975,1622,2,32463,68,4,4,1249,1961,168000,0,1,0,1,1,1
764,2,1,1,1,1999,1441,3,2645,24,5,8,776,1999,174000,1,1,0,1,0,1
842,3,2,1,1,1925,1472,3,9600,60,8,5,702,1925,125000,1,0,0,1,0,1
1224,2,1,6,3,1999,1224,2,4500,50,5,6,1224,1999,165000,0,1,1,1,1,0
663,4,1,5,3,1969,1352,2,9364,80,7,6,663,1969,158000,1,1,1,1,1,0
728,3,1,1,2,2005,1456,3,8029,51,5,6,728,2005,176000,1,0,1,1,0,0
879,4,3,1,3,2006,1863,3,14054,58,5,7,879,2006,219210,1,0,1,1,0,0
815,3,1,1,1,1916,1690,2,8850,65,6,7,815,1916,144000,1,0,0,1,0,1
1212,3,1,1,2,2001,1212,3,9100,70,5,7,1212,2001,178000,0,0,0,1,0,0
1382,3,1,3,2,1974,1382,2,11235,75,5,4,1051,1963,148000,0,1,1,1,1,1
864,3,1,1,2,1972,864,2,9353,71,5,4,864,1970,116050,0,0,0,1,0,0
866,3,3,1,2,1998,1779,3,10400,80,5,7,866,1998,197900,1,0,1,1,0,0
884,3,1,5,1,1960,1348,2,6000,50,8,5,884,1925,117000,1,0,0,1,0,1
1630,3,1,5,1,2000,1630,3,9750,75,5,7,1630,2000,213000,0,1,1,1,0,1
1074,3,1,5,2,1975,1074,2,10140,78,6,5,1056,1975,153500,0,0,1,1,1,0
2196,4,2,5,2,1990,2196,3,14684,90,7,7,2158,1990,271900,0,1,1,1,1,1
1056,4,1,3,1,1966,1056,2,8900,150,4,4,1056,1966,107000,0,0,1,1,1,0
1700,3,3,6,2,2003,1700,3,9135,70,5,6,1682,2003,200000,0,1,1,1,1,0
1283,3,1,3,1,1980,1283,2,7763,70,7,5,931,1962,140000,0,0,0,1,1,1
1660,3,2,6,2,2006,1660,3,10182,85,5,8,1660,2006,290000,0,1,1,1,1,0
1055,2,1,1,2,1992,1845,3,11218,70,5,6,1055,1992,189000,1,0,1,1,0,0
1080,4,3,6,2,1988,1752,2,12134,152,7,8,559,1988,164000,1,0,1,1,1,1
672,2,1,3,1,1941,672,2,9340,50,6,4,672,1941,113000,0,0,1,1,1,1
960,0,3,6,1,1965,960,2,10246,115,9,4,648,1965,145000,0,0,0,1,1,1
999,3,3,4,1,1962,999,2,10205,69,5,5,925,1962,134500,0,0,1,1,1,0
894,3,1,3,2,1966,894,2,7094,99,5,5,894,1966,125000,0,0,0,1,1,0
1318,4,0,0,1,1978,1902,2,8930,68,5,6,0,1978,112000,1,0,0,1,1,0
1314,3,2,6,2,2009,1314,3,8640,72,5,8,1300,2009,229456,0,1,1,1,1,0
672,2,0,0,0,1947,912,2,6240,52,5,4,0,1947,80500,0,0,0,0,1,1
672,3,1,5,0,1971,1218,2,1680,21,5,6,672,1971,91500,1,1,0,0,0,0
912,2,1,3,1,1964,912,2,7800,66,5,5,912,1964,115000,0,0,0,1,1,0
1211,3,1,4,2,1968,1211,2,8250,55,5,5,952,1968,134000,0,0,1,1,1,0
1168,3,2,3,1,1949,1846,2,10496,78,6,6,1040,1949,143000,1,1,0,1,1,1
2136,4,1,2,1,1951,2136,2,10680,89,3,5,2136,1951,137900,0,1,1,1,1,0
788,3,3,6,3,2004,1490,3,15384,60,5,7,788,2004,184000,1,0,1,1,1,1
1138,3,3,6,1,1958,1138,2,10482,65,8,6,588,1958,145000,0,1,0,1,1,0
894,4,2,1,3,2007,1933,3,14598,86,5,6,894,2007,214000,1,1,1,1,0,0
912,2,1,5,1,1992,912,3,8872,72,8,5,912,1965,147000,0,1,1,1,1,1
1702,1,1,6,3,2008,1702,4,8769,65,5,9,1702,2008,367294,0,1,1,1,1,0
1507,4,1,5,1,1960,1507,2,7910,70,5,5,1075,1960,127000,0,0,0,1,1,0
1361,4,1,6,2,1977,2620,2,18890,68,5,5,1361,1977,190000,1,1,1,1,1,0
1190,3,3,5,1,1962,1190,2,7728,70,6,5,1106,1962,132500,0,1,1,1,1,0
1224,2,0,0,1,1962,1224,2,9842,70,5,4,0,1962,101800,0,0,0,1,0,0
1188,3,1,3,2,1959,1188,2,12160,24,5,5,1188,1959,142000,0,1,0,1,1,0
1024,4,3,1,0,1911,1964,2,8525,55,6,5,940,1911,130000,1,0,1,0,0,1
892,4,2,1,1,1914,1784,2,13132,96,5,5,747,1914,138887,1,0,1,1,0,1
764,2,1,1,2,2003,1626,3,2628,36,5,7,764,2003,175500,1,1,1,1,0,0
847,4,1,1,2,2004,1948,3,12393,41,5,7,847,2004,195000,1,0,1,1,0,1
1141,3,1,1,1,2005,1141,2,13072,63,5,6,1141,2005,142500,0,0,0,1,0,0
1484,3,3,6,2,2006,1484,4,9037,64,5,8,1476,2006,265900,0,1,1,1,1,0
884,3,1,6,2,2003,1768,3,8158,65,5,7,884,2003,224900,1,1,1,1,1,0
1689,3,3,1,2,2007,1689,3,9849,83,6,7,1689,2007,248328,0,0,1,1,0,0
1173,3,4,6,2,1974,1173,3,10625,85,6,7,1053,1974,170000,0,1,1,1,1,0
2076,2,4,6,2,2006,2076,4,13891,107,5,10,2076,2006,465000,0,0,1,1,1,0
792,3,1,1,1,1931,1517,3,11435,50,7,8,792,1929,230000,1,0,0,1,0,1
1140,3,1,1,3,1984,1868,2,12090,78,7,6,585,1984,178000,1,1,1,1,0,1
756,3,1,1,2,2005,1553,3,8125,65,5,7,756,2005,186500,1,0,1,1,0,1
1034,3,3,6,1,1976,1034,2,12328,60,5,6,1012,1976,169900,0,1,0,1,1,0
1134,3,1,3,1,1950,2058,2,9600,60,5,6,735,1917,129500,1,0,0,1,1,1
988,3,1,4,1,1950,988,2,7200,60,7,5,876,1950,119000,0,0,1,1,1,0
2110,3,1,5,3,1968,2110,4,11160,93,5,7,2110,1968,244000,0,0,0,1,1,0
1405,2,1,1,2,2003,1405,3,3136,79,5,7,1405,2003,171750,0,1,1,1,0,0
874,3,1,4,2,1968,874,2,9858,62,6,5,864,1968,130000,0,0,0,1,1,0
1516,3,4,2,2,1974,2167,3,17542,60,7,7,1192,1974,294000,1,0,1,1,1,1
760,3,1,1,3,2003,1656,3,6931,60,5,7,746,2003,165400,1,1,1,1,0,1
959,3,1,2,1,1978,1367,2,6240,52,6,6,884,1931,127500,1,0,0,1,1,1
1987,2,4,6,3,1994,1987,3,14303,91,5,8,1986,1994,301500,0,1,1,1,1,0
864,2,1,1,0,1922,864,2,4060,56,8,5,864,1922,99900,0,0,1,0,0,1
1166,2,4,6,3,2005,1166,3,9587,59,5,7,856,2005,190000,0,1,0,1,1,0
1054,3,1,5,1,1969,1054,2,9750,65,8,6,1054,1969,151000,0,0,0,1,1,0
892,3,1,1,3,1999,1675,2,24682,141,5,6,841,1999,181000,1,0,1,1,0,0
1050,2,1,3,1,1956,1050,2,9600,80,6,5,1050,1956,128900,0,0,0,1,1,0
1104,5,3,1,1,1957,1788,2,11250,70,5,4,1104,1957,161500,1,0,0,1,0,1
1060,4,1,1,1,1940,1824,2,13515,60,6,6,764,1919,180500,1,0,0,1,0,1
1337,2,1,6,3,1998,1337,3,4060,34,5,6,1405,1998,181000,0,0,1,1,1,1
713,3,1,6,1,1999,1452,3,3735,35,5,7,691,1999,183900,1,1,1,1,1,0
964,4,1,1,1,1960,1889,2,10120,60,4,7,925,1910,122000,1,0,0,1,0,1
2018,3,4,1,3,2009,2018,4,13214,89,5,9,2002,2008,378500,0,0,1,1,0,1
1968,4,2,3,1,1982,3447,3,14100,65,9,8,728,1935,381000,1,1,1,1,1,1
874,3,1,4,1,1958,1524,2,11344,78,5,5,874,1958,144000,1,1,0,1,1,0
1332,0,4,6,3,1979,1524,3,23595,50,6,7,1332,1979,260000,1,0,0,1,1,0
1489,3,1,1,2,1968,1489,3,9156,50,7,6,1489,1968,185750,0,0,0,1,0,0
935,3,1,4,1,1965,935,2,13526,68,6,5,935,1965,137000,0,1,0,1,1,0
1357,2,3,5,2,1959,1357,4,11512,124,7,6,1019,1959,177000,0,1,0,1,1,1
661,3,1,1,1,1985,1250,2,5362,53,6,5,661,1910,139000,1,0,0,1,0,1
928,4,1,3,2,1948,1920,2,11345,95,5,5,928,1948,137000,1,1,0,1,1,1
735,3,1,4,1,1972,1395,2,12936,70,6,6,723,1972,162000,1,0,1,1,1,0
1724,3,3,5,2,1967,1724,2,17871,50,5,6,1680,1967,197900,0,1,0,1,1,1
1128,3,1,6,2,2002,2031,3,9473,75,5,8,1128,2002,237000,1,0,1,1,1,0
698,2,1,1,2,1980,1128,2,7500,60,4,4,698,1920,68400,1,0,0,1,0,1
1573,3,1,6,2,2002,1573,3,9808,67,5,7,1573,2002,227000,0,1,1,1,1,0
1339,3,1,5,3,1990,1339,2,8049,50,5,7,1309,1990,180000,0,1,1,1,1,0
1040,3,2,2,1,1977,1040,3,8800,61,7,5,1040,1977,150500,0,0,0,1,1,1
912,4,3,1,0,1971,1824,2,9400,94,5,6,912,1971,139000,1,0,0,0,0,0
1699,4,1,1,1,1969,2447,3,9638,50,7,6,804,1919,169000,1,0,0,1,0,1
825,4,1,1,1,1939,1412,2,6000,50,6,6,780,1939,132500,1,0,0,1,0,1
1328,3,1,5,1,1963,1328,2,9790,60,5,6,1328,1963,143000,0,1,1,1,1,0
1582,4,3,3,1,1964,1582,2,36500,92,5,5,1624,1964,190000,0,1,1,1,1,0
1659,2,1,6,3,2000,1659,4,5664,40,5,8,1501,2000,278000,0,0,1,1,1,0
1120,3,2,1,3,2006,1970,4,11065,86,5,8,1085,2006,281000,1,1,1,1,0,0
1152,3,3,6,2,1964,1152,2,14112,35,7,5,1152,1964,180500,0,1,0,1,1,0
630,3,1,5,1,1972,1302,2,1680,21,7,5,630,1972,119500,1,1,0,1,1,0
1378,4,1,1,2,1985,2372,2,6600,60,4,5,994,1892,107500,1,0,1,1,0,1
832,4,1,6,2,1976,1664,2,10140,78,5,7,832,1976,162900,1,0,1,1,1,0
864,2,1,3,1,1957,864,2,8172,60,7,5,864,1955,115000,0,0,0,1,1,1
1052,3,3,6,2,1968,1052,2,8400,70,5,5,1052,1968,138500,0,1,0,1,1,0
1128,3,2,5,2,1963,1128,2,8700,80,6,5,1120,1963,155000,0,1,1,1,1,0
1072,2,4,6,3,2005,1072,2,3675,35,5,6,547,2005,140000,0,1,1,1,1,1
4692,3,4,6,3,2008,5642,4,63887,313,5,10,6110,2008,160000,1,1,1,1,1,0
1246,3,1,2,2,1959,1246,3,7500,75,7,5,1246,1959,154000,0,0,0,1,1,1
1005,3,1,6,3,1999,1983,3,10762,61,5,7,978,1999,225000,1,1,0,1,1,0
753,3,1,4,1,1942,1494,3,7500,100,7,6,771,1942,177500,1,0,0,1,1,1
1203,4,1,6,2,1994,2526,3,10120,92,5,8,1165,1994,290000,1,1,1,1,1,0
1616,3,3,1,2,2005,1616,3,8688,73,5,7,1616,2005,232000,0,1,1,1,0,0
976,3,1,1,2,2004,1708,3,3363,32,5,7,976,2004,130000,1,1,1,1,0,0
1652,2,1,6,3,2006,1652,4,13173,108,5,9,1652,2006,325000,0,1,1,1,1,1
1368,2,1,1,2,2005,1368,3,6955,48,5,7,1368,2005,202500,0,1,1,1,0,1
990,3,1,5,1,2000,990,2,8072,60,5,5,990,1994,138000,0,0,1,1,1,1
1122,2,1,6,1,1948,1122,3,12000,100,7,5,924,1948,147000,0,0,1,1,1,1
1294,3,1,6,2,1991,1294,3,7153,63,5,6,1278,1991,179200,0,1,1,1,1,0
1902,3,3,6,3,1959,1902,4,17500,100,8,7,1902,1959,335000,0,0,1,1,1,1
1274,3,1,6,2,2005,1274,3,8814,68,5,7,1274,2005,203000,0,1,1,1,1,1
1453,4,1,6,2,1990,2810,3,9572,63,5,8,1453,1990,302000,1,1,0,1,1,0
1422,4,1,1,3,1999,2599,3,14774,108,5,9,1393,1999,333168,1,1,1,1,0,0
948,3,1,3,1,1956,948,2,8190,60,6,4,948,1954,119000,0,0,1,1,1,0
1092,4,2,5,1,1969,2112,2,11075,85,5,6,952,1969,206900,1,0,0,1,1,0
1630,3,4,1,2,2008,1630,4,10226,61,5,8,1622,2008,295493,0,1,1,1,0,0
1352,2,1,1,2,2006,1352,3,4230,47,5,7,1352,2006,208900,0,0,1,1,0,1
1787,3,4,1,2,2001,1787,3,14781,75,5,8,1753,2001,275000,0,1,1,1,0,1
948,3,1,5,1,1954,948,2,10215,75,5,4,864,1954,111000,0,1,0,1,1,0
1478,3,1,5,2,1957,1478,2,8400,70,3,6,1478,1957,156500,0,0,0,1,1,0
720,2,0,0,1,1955,720,2,6627,60,6,3,0,1949,72500,0,0,0,1,1,1
1061,3,1,6,2,1992,1923,3,10186,107,5,7,750,1992,190000,1,0,1,1,1,0
708,2,1,2,1,1940,708,1,5330,50,7,4,420,1940,82500,0,0,0,0,1,1
1795,2,3,1,2,2007,1795,3,9986,75,5,8,1795,2006,147000,0,1,1,1,0,1
796,2,1,1,1,1922,796,2,3636,40,4,4,796,1922,55000,0,0,0,0,0,1
774,3,1,3,0,1931,774,3,4270,70,6,3,544,1931,79000,0,0,0,0,1,1
816,3,1,5,1,1982,816,3,6600,60,9,5,816,1982,130500,0,0,0,1,1,1
1584,2,1,2,1,1920,2792,2,10440,60,7,6,1510,1920,256000,1,0,1,1,1,1
955,3,1,1,3,1998,1632,2,9084,63,5,7,935,1998,176500,0,0,1,1,0,0
1588,3,3,1,2,2006,1588,3,10000,85,5,8,1588,2006,227000,0,1,1,1,0,0
954,3,3,5,1,1976,954,2,10780,55,5,5,911,1976,132500,0,0,0,1,1,0
816,2,2,5,1,1958,816,2,8877,67,6,4,816,1938,100000,0,0,0,1,1,1
803,2,1,1,1,1951,1360,3,7200,60,6,5,803,1938,125500,1,0,1,1,0,1
765,3,1,2,1,1970,1365,2,2368,24,6,5,765,1970,125000,1,1,1,1,1,0
1334,2,1,5,2,1977,1334,2,9650,80,5,6,1350,1977,167900,0,1,1,1,1,0
1656,4,1,1,1,1973,1656,2,9246,87,5,5,1656,1973,135000,0,1,1,1,0,0
693,2,1,5,0,1941,693,1,4118,153,4,4,693,1941,52500,0,0,1,0,0,1
920,3,1,6,2,2002,1861,3,13450,95,5,7,916,2002,200000,1,0,1,1,1,0
864,3,2,3,2,1972,864,2,9560,120,7,5,864,1972,128500,0,0,0,1,1,0
872,3,1,1,1,1974,872,2,8294,70,5,4,858,1971,123000,0,0,0,1,0,0
1114,3,1,6,1,2004,1114,3,13695,66,5,6,1114,2003,155000,0,0,1,1,1,1
1284,3,1,2,2,2002,2169,3,9375,78,5,8,1284,2002,228500,1,1,1,1,0,0
1172,3,1,1,1,1929,1913,2,7558,57,6,6,896,1928,177000,1,0,0,1,0,1
728,3,1,1,3,2006,1456,3,11103,85,5,7,728,2006,155835,1,0,0,1,0,0
960,2,1,5,1,1997,960,1,6000,50,4,4,960,1920,108500,0,0,0,1,1,1
2156,3,1,4,2,1968,2156,2,20781,60,7,7,1568,1968,262500,0,0,1,1,1,1
1776,3,4,6,3,2006,1776,3,15306,93,5,8,1732,2006,283463,0,1,0,1,1,1
1494,3,4,6,2,1998,1494,3,16196,64,5,7,1482,1998,215000,0,0,1,1,1,0
938,4,1,2,0,1872,2358,2,5250,50,5,8,684,1872,122000,1,0,1,0,1,1
1338,6,1,2,2,1969,2634,2,11643,91,5,5,1248,1969,200000,1,1,0,1,1,0
858,4,1,3,3,1962,1716,2,9247,70,6,6,858,1962,171000,1,1,1,1,1,0
786,2,1,1,1,1999,1176,2,6000,50,9,6,698,1937,134900,1,0,0,1,0,1
2053,4,3,1,3,1996,3238,3,14720,56,5,8,2033,1995,410000,1,1,1,1,1,1
992,3,1,6,2,2000,1865,3,10316,75,5,7,992,2000,235000,1,0,1,1,1,0
1222,4,1,1,2,1968,1920,3,10192,102,6,7,570,1968,170000,1,1,1,1,0,1
892,3,1,3,2,1966,892,2,9477,57,5,5,864,1966,110000,0,1,0,1,1,0
1078,3,1,6,3,1971,1078,2,12537,43,6,5,1078,1971,149900,0,0,0,1,1,1
769,3,1,6,1,2000,1573,3,2117,65,5,6,756,2000,177500,1,1,1,1,1,0
1980,3,3,6,3,2004,1980,4,16737,129,5,9,1980,2004,315000,0,1,1,1,1,1
990,4,1,1,2,1998,2601,2,9842,51,6,5,612,1921,189000,1,0,0,1,0,1
1530,2,3,5,3,2005,1530,3,16158,124,5,7,1530,2005,260000,0,1,1,1,1,0
1281,4,1,1,1,1920,1738,2,12513,64,4,4,715,1920,104900,1,0,0,1,0,1
616,3,1,1,3,2007,1412,3,8499,73,5,6,616,2006,156932,1,0,1,1,0,1
520,2,1,1,2,2005,1200,3,3180,30,5,7,600,2005,144152,1,0,1,1,0,0
814,3,1,6,2,2000,1674,3,7500,75,5,7,814,2000,216000,1,0,1,1,1,0
882,3,1,6,2,1999,1790,3,9179,68,5,7,873,1999,193000,1,1,1,1,1,0
925,4,1,5,2,1977,1475,2,2665,41,6,5,757,1977,127000,1,0,1,1,1,0
848,1,3,6,3,2003,848,3,4435,66,5,6,848,2003,144000,0,1,0,1,1,1
1668,3,3,4,3,2003,1668,3,10635,48,5,8,1657,2003,232000,0,1,1,1,1,0
840,2,1,5,3,1967,1374,2,5400,90,6,4,840,1920,105000,1,0,0,1,1,1
1661,3,3,4,2,1955,1661,3,9600,80,6,6,992,1955,165500,0,0,1,1,1,1
1108,3,3,6,2,1998,2097,3,9750,75,6,7,1108,1998,274300,1,0,1,1,1,0
2633,2,4,6,2,2001,2633,4,11400,70,5,10,2633,2001,466500,0,1,1,1,1,1
1026,3,1,1,3,2005,1958,3,10625,85,5,7,1026,2005,250000,1,0,1,1,0,0
1571,3,4,6,3,2007,1571,3,10991,89,5,8,1571,2007,239000,0,1,1,1,0,0
790,2,2,6,1,1925,790,2,6292,52,5,6,768,1930,91000,0,0,1,1,1,1
984,3,1,6,1,1977,1604,2,10998,60,5,5,984,1941,117000,1,0,1,1,1,1
483,2,1,4,1,1973,987,2,1953,21,5,6,483,1973,83000,1,1,0,1,1,0
754,3,1,0,3,2007,1394,3,9735,73,5,5,384,2006,167500,1,0,0,1,0,1
864,2,1,3,1,1938,864,2,8212,45,3,3,864,1914,58500,0,0,0,1,1,1
2117,4,2,4,3,1970,2117,2,12925,60,7,6,1205,1970,237500,0,0,1,1,1,0
998,4,1,1,1,1989,1762,3,7200,60,7,7,596,1920,157000,1,0,0,1,0,1
1416,3,1,1,1,2007,1416,3,25339,114,7,5,816,1918,112000,0,0,0,1,0,1
698,2,2,3,1,1939,1258,2,9060,60,5,6,560,1939,105000,1,0,0,1,1,1
796,3,1,4,1,1922,1154,3,5436,40,8,4,796,1922,125500,1,0,1,1,1,1
1392,5,1,1,2,1978,2784,3,16692,80,5,7,1392,1978,250000,1,1,1,1,1,0
1664,5,1,3,1,1916,2526,3,8520,60,7,6,714,1916,136000,1,0,1,1,1,1
1746,3,4,6,3,2006,1746,4,14892,42,5,9,1746,2006,377500,0,1,1,1,1,1
869,3,1,5,1,2003,1218,2,6000,60,6,6,735,1941,131000,1,0,0,1,1,1
1525,3,3,6,2,2000,1525,3,9100,70,5,7,1525,2000,235000,0,1,1,1,1,0
1584,4,1,1,1,1967,1584,2,8944,65,5,5,1584,1967,124000,0,0,1,1,0,0
900,3,3,5,2,1967,900,2,7838,68,5,5,864,1967,123000,0,0,1,1,1,0
1221,3,1,1,1,2003,1912,2,10800,60,7,6,482,1905,163000,1,0,1,1,0,1
1500,3,3,6,3,2006,1500,3,4045,53,5,7,1356,2006,246578,0,1,1,1,1,0
1133,4,4,1,3,2005,2482,3,12665,88,5,8,1094,2005,281213,1,1,1,1,0,1
1687,3,3,4,2,1966,1687,2,57200,62,5,5,747,1948,160000,0,0,0,1,1,1
939,4,2,1,1,1933,1513,2,6120,51,8,5,939,1920,137500,1,0,0,1,0,1
1136,3,1,3,1,1950,1904,2,7200,60,4,5,1208,1950,138000,1,0,0,1,1,1
1160,3,1,4,1,1925,1608,3,6171,51,6,6,976,1925,137450,1,0,1,1,1,1
950,3,1,1,2,1929,1158,2,6000,50,7,6,862,1929,120000,1,0,0,1,0,1
864,3,1,6,2,2004,1593,2,7415,62,5,6,839,2004,193000,1,0,1,1,1,0
1294,2,3,1,2,2006,1294,3,6762,64,5,7,1286,2006,193879,0,0,1,1,0,0
1464,3,4,6,1,2007,1464,3,15256,49,5,8,1485,2007,282922,0,1,1,1,1,0
694,3,1,1,1,1998,1214,2,10410,60,4,3,672,1915,105000,0,0,0,1,0,1
1646,2,4,6,3,2004,1646,3,3842,44,5,8,1594,2004,275000,0,1,1,1,1,1
768,2,3,6,1,1988,768,2,8445,70,7,5,768,1972,133000,0,0,0,1,1,1
833,3,1,3,0,1985,833,2,8780,68,5,5,833,1985,112000,0,0,0,0,1,0
741,3,1,3,1,1966,1363,2,7740,60,7,4,622,1910,125500,1,0,0,1,0,1
1236,3,1,1,3,1986,2093,2,20544,46,6,7,791,1986,215000,1,1,1,1,0,1
944,3,1,6,2,2001,1840,3,12420,79,5,7,944,2001,230000,1,0,1,1,1,0
1112,3,1,4,1,1950,1668,2,9600,80,8,6,856,1950,140000,0,0,0,1,1,1
1040,2,0,0,1,1956,1040,2,7200,60,5,4,0,1949,90000,0,0,0,1,1,1
1844,2,1,6,3,2005,1844,3,10994,88,5,8,1844,2005,257000,0,1,1,1,1,1
1053,4,1,1,1,1922,1848,3,13053,64,7,6,833,1923,207000,1,0,0,1,0,1
1569,1,1,1,2,2007,1569,3,3635,51,5,7,1386,2007,175900,0,1,1,1,1,0
1246,4,1,1,1,1971,2290,2,11340,60,6,4,777,1885,122500,1,0,0,1,0,1
1310,3,2,6,3,1998,2450,3,16545,60,5,8,1284,1998,340000,1,1,1,1,1,0
1144,3,1,4,1,1962,1144,2,9204,71,5,5,1144,1963,124000,0,0,1,1,1,0
1844,3,3,3,2,1969,1844,3,16381,110,5,6,1844,1969,223000,0,1,1,1,1,0
708,3,1,5,2,1968,1416,2,11700,90,6,6,708,1968,179900,1,1,1,1,1,0
1069,2,1,5,2,1977,1069,2,4043,53,5,6,1069,1977,127500,0,0,1,1,1,0
848,1,3,6,3,2003,848,3,4435,37,5,6,848,2003,136500,0,1,0,1,1,0
1575,4,3,6,1,1966,2201,3,19690,100,7,6,697,1966,274970,1,0,1,1,0,0
1344,2,1,5,1,1970,1344,2,9503,40,5,5,1024,1958,144000,0,0,1,1,1,1
1252,3,1,1,1,1960,1252,3,10721,80,6,6,1252,1959,142000,0,1,1,1,0,0
1223,3,1,6,2,1994,2127,3,10944,81,5,7,1223,1994,271000,1,1,1,1,1,0
1048,3,1,4,1,1962,1558,2,10930,60,6,5,913,1945,140000,0,0,0,1,1,1
804,3,1,4,1,1940,804,3,7200,60,7,5,788,1940,119000,0,1,0,1,1,1
1440,3,1,4,3,1981,1440,3,12546,70,7,6,1440,1981,182900,0,1,0,1,1,0
734,4,3,1,3,2005,1838,2,21930,60,5,5,732,2005,192140,1,0,1,1,0,0
958,2,1,2,2,1976,958,2,4928,86,6,6,958,1976,143750,0,0,1,1,1,0
968,4,1,1,1,1928,968,2,10800,60,6,4,656,1927,64500,0,0,0,1,0,1
962,3,1,1,3,2000,1792,2,10261,93,5,6,936,2000,186500,1,1,0,1,0,0
1126,3,1,5,2,1977,1126,2,17400,80,5,5,1126,1977,160000,0,0,1,1,1,0
1537,3,1,6,2,1962,1537,3,8400,80,9,6,1319,1962,174000,0,1,1,1,0,1
864,3,1,5,1,1974,864,2,9000,60,6,4,864,1971,120500,0,0,0,1,1,0
1932,2,3,6,3,2008,1932,4,12444,96,5,8,1932,2008,394617,0,1,1,1,1,0
1236,2,1,6,1,1957,1236,2,7407,90,7,6,912,1957,149700,0,0,1,1,1,1
1040,3,1,6,2,1979,1725,2,11584,80,6,7,539,1979,197000,1,1,1,1,1,0
1423,3,1,1,3,1993,2555,2,11526,79,7,6,588,1922,191000,1,0,0,1,0,1
848,1,3,6,2,2004,848,3,4426,65,5,6,848,2004,149300,0,1,0,1,1,0
1026,3,3,6,2,2008,2007,4,11003,85,5,10,1017,2008,310000,1,1,1,1,1,0
952,2,1,1,1,1916,952,1,8854,43,6,6,952,1916,121000,0,0,1,1,0,1
1422,3,3,1,2,2004,1422,3,8500,63,5,7,1422,2004,179600,0,1,1,1,0,0
913,3,4,2,1,1990,913,2,8400,70,5,6,814,1966,129000,0,0,0,1,1,0
1188,3,1,1,1,1962,1188,2,26142,70,7,5,1188,1962,157900,0,1,1,1,1,0
1220,3,1,6,2,1995,2090,3,10000,80,5,8,1220,1995,240000,1,1,1,1,1,1
796,2,1,1,1,1950,1346,2,11767,70,7,4,560,1910,112000,1,0,1,1,0,1
630,1,3,6,0,1970,630,4,1533,21,7,5,630,1970,92000,0,0,0,0,1,0
896,4,1,1,0,1974,1792,2,9000,60,5,5,896,1974,136000,1,0,1,0,0,0
1578,3,1,1,2,2008,1578,4,9262,78,5,8,1573,2008,287090,0,1,1,1,0,1
1072,2,4,6,3,2005,1072,2,3675,35,5,5,547,2005,145000,0,1,1,1,1,0
1140,3,1,1,0,2006,1140,2,17217,90,5,5,1140,2006,84500,0,0,1,0,0,0
1221,2,1,6,2,2004,1221,3,7500,62,5,7,1221,2004,185000,0,0,1,1,1,1
953,3,1,1,2,1999,1647,2,7917,62,5,6,953,1999,175000,1,0,1,1,0,1
2073,3,1,5,1,1978,2073,2,13175,85,6,6,1542,1978,210000,0,1,0,1,1,1
1188,4,1,6,2,1941,2340,3,9042,66,9,7,1152,1941,266500,1,0,1,1,1,1
1078,2,2,3,1,1950,1078,3,9717,68,6,5,1078,1950,142125,0,0,0,1,1,1
1256,3,1,4,3,1965,1256,2,9937,75,6,5,1256,1965,147500,0,0,1,1,1,0
