BedroomAbvGr,BsmtExposure,BsmtFinType1,GarageFinish,GrLivArea,KitchenQual,LotArea,LotFrontage,OverallCond,OverallQual,TotalBsmtSF,SalePrice,Has2ndFloor,HasMasVnr,HasOpenPorch,HasGarage,ModsMade,SalePriceBand
3.0,0,0,0,42.7551166528639,0,11694.0,90.0,0,0,1822.0,314813,0,0,0,0,0,7
2.0,1,1,1,29.899832775452108,1,6600.0,60.0,0,1,894.0,109500,0,1,1,0,0,2
2.0,1,2,0,31.04834939252005,1,13360.0,80.0,1,1,876.0,163500,0,1,1,0,1,3
3.0,1,3,1,41.09744517606904,0,13265.0,59.0,0,2,1568.0,271000,0,0,0,0,0,6
3.0,1,1,1,39.25557285278104,0,13704.0,111.5,0,3,1541.0,205000,0,0,0,0,1,4
2.0,1,3,1,34.942810419312295,0,7500.0,62.0,0,3,1221.0,185000,0,1,0,0,1,4
3.0,1,4,1,36.38681079732051,1,8658.0,84.0,0,4,1088.0,160000,0,0,0,0,0,3
3.0,1,2,0,37.62977544445356,0,2572.0,27.5,0,3,696.0,155000,1,1,0,0,0,3
2.0,2,3,0,31.432467291003423,1,1596.0,27.5,0,5,462.0,91000,1,1,0,0,0,1
3.0,1,2,0,34.899856733230294,1,6000.0,60.0,2,4,735.0,131000,1,1,1,0,1,2
3.0,1,1,2,40.69397989875161,0,6931.0,60.0,0,3,746.0,165400,1,0,0,0,1,3
2.0,0,2,1,36.90528417449187,0,7577.0,61.0,0,4,1362.0,194700,0,0,0,0,1,4
4.0,1,1,0,42.883563284783136,1,7700.0,70.0,0,4,756.0,155000,1,0,0,0,0,3
2.0,1,1,0,37.080992435478315,1,11310.0,75.0,0,4,1367.0,140000,0,1,0,0,0,2
2.0,1,3,0,33.49626844888845,0,12000.0,100.0,1,1,924.0,147000,0,1,0,0,1,3
2.0,2,2,0,37.841775856849004,0,16157.0,70.0,1,1,1360.0,194000,0,1,0,0,0,4
3.0,0,1,2,38.157568056677825,0,9018.0,65.0,0,3,728.0,179540,1,1,0,0,0,4
3.0,0,3,0,34.88552708502482,0,9947.0,69.0,0,3,1188.0,173000,0,1,0,0,1,3
2.0,3,0,0,32.2490309931942,1,7200.0,60.0,1,1,82.5,109500,0,1,1,0,0,2
2.0,0,3,1,34.9857113690718,0,3000.0,30.0,0,4,612.0,173733,1,0,0,0,0,3
2.0,1,1,0,42.118879377305376,1,6120.0,51.0,0,3,952.0,129900,1,1,1,0,1,2
4.0,1,4,0,36.9729630946723,1,8405.0,50.0,3,1,861.0,119000,1,1,0,0,1,2
2.0,1,1,0,36.87817782917155,0,7200.0,60.0,2,1,803.0,125500,1,1,0,0,1,2
1.0,0,3,1,29.120439557122072,0,4426.0,65.0,0,4,848.0,149300,0,0,1,0,0,3
1.0,2,3,2,47.56048780237646,0,12244.0,85.0,0,2,1482.0,305000,1,0,1,0,0,7
2.0,1,5,0,34.92849839314596,1,8877.0,67.0,0,5,836.0,102000,0,1,1,0,0,1
2.0,1,1,2,37.603191353926334,0,3072.0,111.5,0,3,1375.0,178740,0,0,0,0,0,3
3.0,1,4,0,45.36518488885502,1,9600.0,60.0,0,4,735.0,129500,1,1,1,0,1,2
4.0,1,4,0,34.61213659975356,1,5586.0,60.0,1,4,901.0,79900,1,1,0,1,1,1
2.0,1,3,2,40.7308237088326,2,5664.0,40.0,0,2,1501.0,278000,0,1,0,0,0,6
2.0,1,1,0,31.811947441173732,1,8263.0,59.0,0,4,1012.0,118400,0,1,0,0,1,2
4.5,1,3,2,52.561868307738074,1,15863.0,102.0,4,3,824.0,197000,1,1,0,0,1,4
4.0,1,1,0,42.567593307585526,0,7630.0,76.0,5,1,360.0,140000,0,1,1,0,1,2
3.0,1,6,2,43.9203825119955,0,7050.0,98.0,0,3,1057.0,226000,1,1,0,0,0,5
3.0,0,2,0,30.886890422961002,1,10780.0,55.0,0,1,911.0,132500,0,1,1,0,0,2
2.0,0,3,1,42.871902220452036,2,14601.0,85.0,0,0,1838.0,315000,0,0,0,0,0,7
3.0,1,6,0,40.496913462633174,0,14778.0,80.0,1,4,1296.0,224000,0,0,1,0,1,5
3.0,1,6,0,33.88214869219483,1,7931.0,70.0,0,1,1148.0,132500,0,1,1,0,0,2
3.0,1,6,0,30.822070014844883,1,9758.0,61.0,0,1,950.0,119500,0,1,1,0,0,2
3.0,1,2,1,43.71498598878879,0,9554.0,80.0,0,2,777.0,215000,1,0,0,0,1,5
3.0,1,4,0,40.43513323831146,1,8737.0,70.0,1,4,1065.0,210000,1,1,0,0,1,4
3.0,0,3,2,36.27671429443411,0,11175.0,103.0,0,3,1316.0,200141,0,1,0,0,0,4
2.0,1,1,1,37.97367509209505,1,11717.0,50.0,2,4,1442.0,185000,0,0,1,0,0,4
3.0,1,3,2,32.83291031876401,1,12537.0,43.0,2,1,1078.0,149900,0,1,1,0,1,3
3.0,1,2,1,33.46640106136302,3,6970.0,85.0,0,5,1040.0,129000,0,1,1,0,0,2
3.0,1,3,2,37.66961640367472,0,7750.0,89.0,0,2,408.0,184100,1,1,1,0,0,4
3.0,1,1,0,37.26929030716845,1,3378.0,60.0,3,3,651.0,135000,1,1,1,0,1,2
3.0,1,4,1,32.60368077380221,1,9920.0,80.0,0,1,1056.0,128000,0,0,1,0,0,2
2.0,2,3,2,42.33202097703345,2,11846.0,72.0,0,0,1792.0,374000,0,0,0,0,1,9
2.0,1,3,0,34.87119154832539,1,4500.0,32.0,0,4,1216.0,164000,0,0,0,0,0,3
4.0,1,1,0,41.97618372363071,0,7200.0,60.0,1,3,596.0,157000,1,1,1,0,1,3
4.0,0,1,2,44.26059195266146,0,11796.0,59.0,0,3,847.0,215000,1,1,0,0,1,5
3.0,1,2,1,34.75629439396553,1,11250.0,50.0,2,4,1208.0,165000,0,1,0,0,0,3
3.0,1,6,0,39.03844259188627,1,11344.0,78.0,0,1,874.0,144000,1,0,1,0,0,3
3.0,1,6,0,33.97057550292606,0,5436.0,40.0,3,5,796.0,125500,1,1,0,0,1,2
3.0,3,0,0,32.37282811247729,1,7200.0,60.0,0,1,82.5,98300,0,1,0,0,0,1
2.0,1,1,0,29.765752132274432,1,5784.0,50.0,3,1,190.0,91300,0,1,0,0,1,1
2.0,2,3,0,30.708305065568176,1,7032.0,97.0,0,1,943.0,135960,0,1,1,0,0,2
3.0,1,3,1,42.04759208325728,0,9803.0,75.0,0,3,866.0,226700,1,1,0,0,0,5
4.0,1,1,2,50.98038838612354,0,14774.0,108.0,0,0,1393.0,333168,1,0,0,0,0,8
2.0,1,4,1,30.199337741083,1,10150.0,70.0,0,1,912.0,114500,0,0,1,0,0,2
2.0,3,0,0,29.698484809834994,1,12702.0,70.0,0,1,82.5,97000,0,1,0,0,0,1
2.0,1,3,2,36.565010597564445,0,4060.0,34.0,0,4,1405.0,181000,0,1,0,0,1,4
2.0,2,3,1,45.56314299957807,2,13891.0,107.0,0,6,1992.5,465000,0,1,0,0,0,11
4.0,0,5,1,50.309044912421065,0,12257.0,65.0,0,2,1318.0,290000,1,0,0,0,0,7
3.0,1,2,0,42.04759208325728,0,7200.0,60.0,1,1,731.0,175000,1,0,1,0,1,3
2.0,2,2,1,40.311288741492746,0,4750.0,44.0,0,2,1573.0,235000,0,0,1,0,1,5
4.0,2,4,2,46.3033476111609,0,17619.5,50.0,1,4,1444.0,277000,1,0,0,0,1,6
2.0,1,1,0,52.561868307738074,0,13500.0,75.0,5,6,1237.0,325000,0,1,0,0,1,8
3.0,1,1,2,43.22036556994862,1,12090.0,78.0,1,4,585.0,178000,1,0,0,0,1,3
3.0,0,3,1,39.05124837953327,0,9100.0,70.0,0,3,1525.0,235000,0,0,0,0,0,5
3.0,2,3,2,39.63584236521283,0,10991.0,89.0,0,2,1571.0,239000,0,0,0,0,0,5
2.0,1,1,3,28.21347195933177,1,8777.0,67.0,1,1,796.0,85000,0,1,1,1,1,1
4.0,1,1,1,48.703182647543684,1,6600.0,60.0,6,1,994.0,107500,1,1,0,0,1,2
3.0,1,1,1,38.36665218650175,0,10784.0,65.0,0,3,384.0,160000,1,0,1,0,1,3
0.5,0,3,0,30.983866769659336,1,10246.0,111.5,5,5,648.0,145000,0,1,1,0,1,3
4.0,0,1,2,42.871902220452036,1,17619.5,60.0,0,1,732.0,192140,1,1,0,0,0,4
3.0,1,2,1,36.180105030251084,0,10140.0,78.0,2,4,1040.0,181000,0,0,1,0,1,4
3.0,0,1,2,51.41011573610781,2,13693.0,105.0,0,0,1992.5,380000,1,0,0,0,0,9
3.0,1,1,0,33.63034344160047,1,5720.0,52.0,2,1,676.0,66500,1,1,1,0,1,0
4.0,1,1,0,44.27188724235731,1,7596.0,60.0,0,1,960.0,124500,1,0,1,0,0,2
3.0,1,6,0,33.823069050575526,1,9204.0,71.0,0,1,1144.0,124000,0,1,0,0,0,2
0.5,1,3,0,32.49615361854384,1,6979.0,64.0,0,4,1056.0,144000,0,1,0,0,0,3
2.0,1,2,3,26.324893162176366,3,4118.0,111.5,6,5,693.0,52500,0,1,0,1,1,0
3.0,2,3,1,38.65229618017538,0,9236.0,79.0,0,4,1479.0,217000,0,1,0,0,0,5
2.0,2,3,2,40.570925550201586,0,3842.0,44.0,0,2,1594.0,275000,0,0,0,0,1,6
3.0,0,2,0,29.393876913398138,1,7180.0,60.0,1,1,864.0,127000,0,1,1,0,0,2
3.0,0,3,1,39.57271787481876,0,9000.0,75.0,0,2,1566.0,262500,0,0,0,0,0,6
3.0,1,6,0,37.3496987939662,1,12936.0,70.0,2,4,723.0,162000,1,1,0,0,0,3
2.0,1,6,0,34.75629439396553,1,6240.0,52.0,0,5,780.0,103000,0,1,0,0,1,1
4.0,4,1,0,38.897300677553446,1,6120.0,51.0,3,1,939.0,137500,1,1,1,0,1,2
3.0,1,5,0,36.9729630946723,1,6240.0,52.0,2,4,884.0,127500,1,1,1,0,1,2
3.0,1,6,0,30.903074280724887,1,7742.0,66.0,1,1,955.0,127000,0,1,1,0,0,2
3.0,1,1,0,32.817678162843876,1,9786.0,60.0,6,7,1007.0,91000,0,1,0,0,1,1
3.0,4,4,2,32.49615361854384,1,17619.5,100.0,0,1,1056.0,145000,0,1,1,0,0,3
3.0,1,1,1,39.408120990476064,0,8125.0,65.0,0,3,756.0,186500,1,1,0,0,1,4
3.0,0,3,1,40.17461885320133,0,11210.0,86.0,0,3,1614.0,221500,0,0,0,0,1,5
3.0,1,1,1,45.18849411078001,2,12704.0,98.0,0,2,1992.5,253293,0,0,0,0,1,6
2.0,1,1,0,32.7566787083184,1,5400.0,60.0,2,1,1073.0,108480,0,1,1,0,1,2
2.0,1,6,0,35.84689665786984,1,8635.0,50.0,0,1,672.0,127000,1,1,1,0,1,2
4.0,4,6,2,46.010868281309364,1,12925.0,60.0,1,4,1205.0,237500,0,1,0,0,0,5
2.0,4,6,0,24.596747752497688,1,9098.0,58.0,1,5,528.0,86000,0,1,1,1,1,1
3.0,1,2,1,33.91164991562634,1,7945.0,70.0,2,1,1150.0,141000,0,1,1,0,0,2
3.0,1,1,1,38.157568056677825,0,8029.0,51.0,0,4,728.0,176000,1,1,0,0,0,3
3.0,0,2,1,31.606961258558215,2,12122.0,60.0,5,3,944.0,178400,0,0,0,0,1,3
3.0,1,1,1,38.72983346207417,0,8846.0,68.0,0,4,750.0,173900,1,1,0,0,1,3
2.0,4,6,0,36.55133376499413,1,15750.0,90.0,0,1,1165.0,157000,0,0,1,0,0,3
3.0,1,3,1,39.91240408695021,1,7415.0,62.0,0,4,839.0,193000,1,1,0,0,0,4
3.0,0,3,2,46.73328578219169,2,11308.0,96.0,0,0,1104.0,335000,1,0,0,0,0,8
3.0,1,1,2,39.496835316262995,0,9196.0,111.5,0,3,1560.0,201000,0,1,0,0,0,4
3.0,1,5,0,40.54626986542659,0,9480.0,79.0,1,1,728.0,146500,0,0,1,0,1,3
3.0,0,3,0,25.099800796022265,0,1571.5,27.5,3,5,630.0,86000,0,1,1,0,1,1
3.0,1,6,1,33.36165463522455,1,7917.0,73.0,1,4,1143.0,148000,0,0,0,0,0,3
2.0,1,1,1,46.604720790924176,0,14154.0,109.0,0,3,1063.0,280000,1,0,0,0,0,6
2.0,1,1,0,36.68787265568828,1,11767.0,70.0,1,5,560.0,112000,1,1,0,0,1,2
4.0,0,3,2,51.088159097779204,2,9000.0,75.0,0,2,1184.0,303477,1,1,0,0,0,7
3.0,1,1,2,44.24929377967517,0,10625.0,85.0,0,3,1026.0,250000,1,1,0,0,0,5
3.0,1,1,2,38.31448812133603,0,9612.0,74.0,0,2,1468.0,244600,0,0,0,0,1,5
4.0,3,0,0,41.641325627314025,0,10125.0,75.0,0,1,82.5,126000,1,1,1,0,0,2
3.0,1,6,0,34.64101615137755,1,11767.0,70.0,2,1,768.0,130500,1,1,1,0,1,2
2.0,1,3,2,39.370039370059054,0,8125.0,65.0,0,3,1092.0,241000,1,0,0,0,1,5
4.5,1,1,0,47.22287581247038,1,6204.0,60.0,0,5,795.0,118500,1,1,0,0,1,2
3.0,1,1,0,40.48456495999432,1,10480.0,51.0,0,4,1064.0,115000,0,1,1,0,1,2
3.0,1,6,1,29.393876913398138,1,9100.0,70.0,0,1,864.0,129900,0,1,1,0,0,2
3.0,4,2,0,40.26164427839479,0,14145.0,91.0,1,3,1208.0,202500,0,1,0,0,1,4
2.0,1,2,0,31.416556144810016,0,1680.0,27.5,3,4,483.0,118000,1,0,1,0,1,2
4.0,2,3,1,50.18964036531842,0,17619.5,42.0,0,3,1210.0,335000,1,0,0,0,1,8
3.0,1,5,0,36.945906403822335,1,2368.0,27.5,2,1,765.0,125000,1,0,0,0,0,2
4.0,4,1,0,47.853944456021594,0,11250.0,85.0,0,2,1128.0,255900,1,1,1,0,0,6
4.0,0,1,1,50.950956811427986,0,16259.0,111.0,0,0,1249.0,342643,1,0,0,0,0,8
3.0,1,4,0,30.116440692751194,1,8593.0,77.0,2,5,907.0,109008,0,1,1,0,0,2
3.0,1,2,0,38.157568056677825,1,2280.0,27.5,2,4,855.0,148500,0,1,1,0,0,3
3.0,0,2,0,34.49637662132068,1,7728.0,70.0,2,1,1106.0,132500,0,0,0,0,0,2
2.0,1,2,0,29.29163703175362,1,7340.0,84.0,2,5,858.0,110000,0,1,1,0,0,2
3.0,2,2,2,47.148700936505136,1,13651.0,95.0,2,3,1992.5,244000,0,0,1,0,0,5
2.0,1,1,0,31.701734968294716,3,10434.0,60.0,0,5,1005.0,115000,0,1,1,0,0,2
3.0,1,1,2,43.53159771935783,0,10832.0,111.5,0,3,712.0,194500,1,1,0,0,1,4
3.0,1,4,0,32.2490309931942,1,11200.0,70.0,0,1,1040.0,129500,0,1,1,0,0,2
3.0,1,4,0,35.552777669262355,1,9300.0,73.0,0,1,1268.0,167500,0,0,1,0,0,3
3.0,1,1,2,41.96427051671457,0,10207.0,84.0,2,3,874.0,227875,1,1,0,0,0,5
3.0,0,3,0,32.155870381627054,1,12328.0,60.0,0,4,1012.0,169900,0,0,1,0,0,3
2.0,2,5,0,36.91882988394946,1,17619.5,73.0,1,3,1385.0,241500,0,1,1,0,1,5
3.0,1,1,0,41.09744517606904,1,9855.0,73.0,0,4,1436.0,127500,0,1,1,0,0,2
2.0,2,3,2,45.967379738244816,0,10437.0,91.0,2,2,1992.5,350000,0,0,0,0,0,8
3.0,1,3,1,39.66106403010388,0,9808.0,67.0,0,3,1573.0,227000,0,0,0,0,0,5
4.0,2,3,2,48.620983124572874,2,12919.0,100.0,0,0,1992.5,611657,0,0,0,0,1,16
2.0,1,3,1,45.09988913511872,0,9375.0,50.0,0,3,1057.0,219500,1,0,0,0,1,5
2.0,4,3,0,35.93048844644336,0,2887.0,90.0,0,4,1291.0,173000,0,1,1,0,1,3
2.0,2,6,3,29.29163703175362,1,7207.0,50.0,1,1,858.0,116500,0,1,1,1,1,2
2.0,4,4,0,35.4682957019364,1,9060.0,60.0,0,4,560.0,105000,1,1,1,0,1,1
1.0,1,4,0,20.92844953645635,3,8400.0,60.0,0,8,290.0,60000,0,1,1,0,1,0
2.0,1,2,2,37.416573867739416,1,7844.0,74.0,1,4,672.0,149500,1,0,1,0,0,3
2.0,1,1,0,30.886890422961002,3,6305.0,50.0,1,1,920.0,119750,0,1,1,0,1,2
2.0,2,1,1,38.01315561749642,1,12095.0,52.0,2,4,1127.0,158000,0,0,1,0,0,3
2.0,2,5,1,32.7414110874898,1,3675.0,35.0,0,4,547.0,148000,0,0,0,0,0,3
4.0,3,0,3,40.792156108742276,1,9825.0,75.0,0,1,82.5,100000,0,1,1,1,0,1
4.5,1,1,0,46.195237849804386,0,11888.0,80.0,2,4,844.0,214500,1,1,0,0,1,4
4.0,4,6,0,52.561868307738074,1,12168.0,78.0,2,2,965.0,359100,1,1,1,0,1,9
4.0,0,1,3,42.708313008125245,1,9400.0,94.0,0,4,912.0,139000,1,1,1,1,0,2
3.0,1,2,2,41.90465367951393,1,9303.0,64.0,0,4,872.0,204000,1,0,0,0,1,4
2.0,1,2,0,30.199337741083,0,8872.0,72.0,3,1,912.0,147000,0,0,0,0,1,3
3.0,0,3,1,38.84584919911006,0,10200.0,85.0,0,4,1461.0,175000,0,0,1,0,1,3
3.0,1,6,0,40.099875311526844,0,6171.0,51.0,2,4,976.0,137450,1,1,0,0,1,2
3.0,1,3,2,36.27671429443411,0,10237.0,65.0,0,4,1316.0,169990,0,1,1,0,1,3
3.0,1,4,0,31.85906464414798,1,6120.0,51.0,1,1,768.0,88000,0,1,1,0,1,1
3.0,1,2,0,33.67491648096547,1,8160.0,60.0,2,1,756.0,126000,1,1,1,0,1,2
3.0,1,3,1,40.44749683231337,0,13501.0,111.5,0,2,1623.0,255000,0,0,0,0,0,6
3.0,1,1,2,36.3318042491699,0,7750.0,90.0,0,3,660.0,162000,1,1,0,0,0,3
3.0,2,5,2,46.10856753359401,1,17619.5,42.0,0,1,1013.0,185000,1,1,1,0,0,4
3.0,4,2,1,33.58571124749333,1,8700.0,80.0,2,1,1120.0,155000,0,0,0,0,0,3
2.0,4,6,0,36.138621999185304,1,8712.0,64.0,1,1,992.0,153000,0,1,1,0,1,3
3.0,1,1,3,36.66060555964672,1,1571.5,27.5,2,5,546.0,97000,1,1,1,1,1,1
3.0,1,1,0,50.53711507397311,1,10800.0,60.0,3,3,718.0,159500,1,1,0,0,1,3
2.0,1,2,0,29.88310559496787,0,9600.0,60.0,1,1,845.0,135000,0,1,1,0,1,2
4.0,4,1,2,43.965895873961216,0,14598.0,86.0,0,4,894.0,214000,1,0,0,0,0,4
3.0,1,6,0,34.899856733230294,1,1890.0,27.5,0,4,672.0,113000,1,0,0,0,0,2
3.0,1,1,1,44.37341546466758,1,11952.0,92.0,2,3,808.0,190000,1,1,1,0,0,4
3.0,1,3,1,45.71651780264984,0,10000.0,80.0,0,2,1220.0,240000,1,0,0,0,1,5
3.0,0,2,0,38.52272056851645,1,12243.0,70.0,2,1,1484.0,175000,0,1,1,0,0,3
4.0,1,1,0,40.69397989875161,1,9246.0,87.0,0,1,1656.0,135000,0,0,0,0,0,2
3.0,1,4,0,34.9857113690718,1,3950.0,66.0,3,4,818.0,115000,1,1,1,0,1,2
3.0,1,3,1,45.32107677449864,0,12224.0,76.0,0,4,992.0,244000,1,0,0,0,0,5
2.0,1,1,0,29.223278392404914,1,6120.0,51.0,3,3,832.0,132000,0,1,0,0,1,2
3.0,1,6,1,33.04542328371661,1,1974.0,63.0,0,5,546.0,83500,1,1,0,0,0,1
3.0,0,2,0,35.608987629529715,0,9286.0,73.0,1,1,1268.0,143500,0,1,1,0,1,3
3.0,0,3,1,40.755367744629666,0,10667.0,43.0,2,3,799.0,212000,1,1,0,0,0,4
3.0,0,6,2,40.84115571332428,0,10635.0,48.0,0,2,1657.0,232000,0,0,0,0,0,5
3.0,2,3,2,38.63935817272331,0,13125.0,75.0,0,4,1478.0,208900,0,0,0,0,1,4
2.0,1,1,0,30.528675044947494,0,8280.0,57.0,0,4,932.0,124000,0,1,1,0,0,2
2.0,2,3,0,35.73513677041127,1,10628.0,85.0,0,3,1277.0,167000,0,1,1,0,0,3
3.0,0,3,2,39.11521443121589,0,14572.0,111.5,0,3,1530.0,259000,0,1,0,0,0,6
2.0,1,2,0,36.66060555964672,1,9503.0,40.0,0,1,1024.0,144000,0,1,0,0,1,3
2.0,0,2,0,29.32575659723036,1,8740.0,74.0,2,1,840.0,137000,0,1,1,0,0,2
2.0,1,3,1,36.24913792078372,0,5001.0,34.0,0,3,1314.0,230000,0,0,0,0,1,5
3.0,4,3,1,44.294469180700204,0,8760.0,73.0,0,3,1391.0,239799,1,1,0,0,0,5
3.0,0,3,2,38.600518131237564,0,15384.0,60.0,0,3,788.0,184000,1,1,0,0,1,4
1.0,0,3,1,29.120439557122072,0,4426.0,60.0,0,4,848.0,143000,0,0,1,0,0,3
2.0,1,1,0,25.92296279363144,1,10200.0,60.0,3,1,672.0,108000,0,1,1,0,1,2
4.0,1,3,1,48.373546489791295,0,9042.0,66.0,5,3,1152.0,266500,1,1,0,0,1,6
3.0,1,1,0,40.69397989875161,1,10410.0,60.0,1,1,660.0,135000,1,1,1,0,1,2
4.0,1,2,2,38.45776904605882,0,7472.0,110.0,5,3,725.0,184000,1,0,0,0,1,4
2.0,1,1,1,35.014282800023196,0,10402.0,94.0,0,3,1226.0,198900,0,1,0,0,0,4
4.5,2,5,2,45.68369512200168,0,12205.0,68.0,3,4,832.0,187500,1,0,0,0,1,4
3.0,1,2,0,34.02939905434711,0,13072.0,63.0,0,4,1158.0,158000,0,1,0,0,0,3
3.0,4,6,1,33.97057550292606,1,11000.0,60.0,2,1,1154.0,154000,0,0,0,0,0,3
3.0,0,1,2,41.52107898405339,0,8924.0,57.0,0,3,880.0,188000,1,1,0,0,1,4
3.0,1,3,2,40.718546143004666,1,8000.0,35.0,0,4,773.0,188000,1,1,0,0,1,4
2.0,3,0,2,33.555923471125034,0,8777.0,67.0,0,5,82.5,108000,0,1,0,0,1,2
3.0,1,1,0,37.322915213043046,1,16466.0,59.0,1,1,816.0,135500,1,1,1,0,0,2
4.0,4,4,0,52.561868307738074,0,14100.0,65.0,5,2,728.0,381000,1,0,0,0,1,9
2.0,1,6,0,31.416556144810016,1,1953.0,27.5,0,4,483.0,83000,1,0,1,0,0,1
4.0,1,2,3,36.810324638611924,1,10106.0,62.0,1,1,644.0,127500,1,1,1,1,1,2
4.0,2,3,1,45.48626166217664,0,17619.5,111.5,1,3,585.0,242000,0,1,1,0,1,5
3.0,1,2,0,38.742741255621034,1,2280.0,27.5,0,3,744.0,179400,0,0,1,0,0,4
2.0,2,6,1,44.45222154178574,0,14977.0,110.0,0,2,1976.0,440000,0,0,0,0,1,11
3.0,1,3,1,39.534794801541594,0,10206.0,78.0,0,2,1563.0,245000,0,0,0,0,0,5
2.0,1,1,0,33.331666624997915,1,5700.0,57.0,1,3,572.0,116900,1,1,1,0,1,2
3.0,1,1,1,38.7556447501522,1,7200.0,60.0,2,3,776.0,149000,1,1,1,0,1,3
4.0,3,0,0,41.6293165929973,1,13680.0,53.0,0,7,82.5,139600,0,1,1,0,0,2
4.0,1,3,2,52.230259428802384,2,17619.5,56.0,0,0,1848.0,437154,1,0,1,0,1,11
3.0,1,2,0,36.08323710533743,1,1680.0,27.5,1,1,630.0,119500,1,0,1,0,0,2
0.5,2,3,2,39.03844259188627,0,17619.5,50.0,2,3,1332.0,260000,1,1,1,0,0,6
4.0,3,0,2,39.84971769034255,1,17120.0,80.0,6,5,82.5,134432,1,1,0,0,0,2
2.0,1,1,0,33.54101966249684,1,8536.0,74.0,0,1,1125.0,155000,0,1,0,0,1,3
2.0,1,1,1,34.64101615137755,0,3180.0,30.0,0,3,600.0,151000,1,1,0,0,0,3
3.0,1,1,1,40.496913462633174,0,8366.0,65.0,0,4,798.0,173000,1,1,0,0,0,3
3.0,1,3,1,46.119410230400824,0,10944.0,81.0,0,3,1223.0,271000,1,0,0,0,0,6
2.0,1,2,0,31.176914536239792,1,8000.0,50.0,2,4,972.0,132000,0,1,1,0,1,2
3.0,1,3,1,44.94441010848846,0,9828.0,80.0,0,2,1128.0,239500,1,1,0,0,0,5
3.0,0,6,0,33.823069050575526,1,9571.0,68.0,2,1,1144.0,129000,0,1,1,0,0,2
3.0,0,6,0,36.76955262170047,0,6930.0,92.0,6,1,1062.0,130000,0,0,1,0,0,2
3.0,1,5,0,36.27671429443411,1,5500.0,50.0,1,1,926.0,130000,0,1,1,0,1,2
3.0,0,3,1,43.86342439892262,0,12011.0,78.0,0,2,1086.0,280000,1,0,0,0,0,6
3.0,1,2,0,34.11744421846396,1,10880.0,68.0,0,1,1164.0,125000,0,1,0,0,0,2
2.0,4,2,0,30.854497241083024,1,7350.0,60.0,1,1,952.0,139000,0,1,1,0,0,2
4.0,1,5,3,48.55924216871593,1,5250.0,50.0,0,2,684.0,122000,1,1,0,1,1,2
3.0,1,3,2,40.98780306383839,0,17619.5,76.0,5,4,880.0,222000,0,0,0,0,1,5
3.0,1,1,0,43.726422218150894,1,10800.0,60.0,1,4,482.0,163000,1,1,0,0,1,3
2.0,1,2,2,31.68595903550972,1,11241.0,27.5,1,4,1004.0,149000,0,0,1,0,0,3
3.0,1,2,0,35.07135583350036,1,4712.0,51.0,1,5,747.0,121600,1,1,0,0,1,2
3.0,1,6,0,34.161381705077446,1,8731.0,98.0,0,1,915.0,144000,0,1,1,0,1,3
2.0,4,5,0,36.069377593742864,3,6911.0,60.0,0,1,1145.0,100000,0,1,1,0,1,1
3.0,2,3,1,38.118237105091836,0,5271.0,58.0,0,3,1453.0,190000,0,1,0,0,0,4
3.0,0,3,1,40.01249804748511,0,11423.0,73.0,0,2,1581.0,272000,0,0,1,0,1,6
3.0,0,1,1,39.84971769034255,0,10000.0,85.0,0,2,1588.0,227000,0,0,0,0,0,5
2.0,2,2,1,33.090784215548595,1,10382.0,75.0,0,4,588.0,140000,0,0,1,0,0,2
3.0,1,4,0,32.4037034920393,1,10659.0,74.0,2,1,1050.0,136500,0,1,0,0,0,2
3.0,1,4,2,30.983866769659336,1,10921.0,73.0,0,5,960.0,94750,0,0,1,0,0,1
4.0,4,1,0,38.157568056677825,1,7585.0,50.0,4,1,810.0,91500,1,1,1,0,1,1
3.0,1,1,1,38.58756276314948,0,9156.0,50.0,1,4,1489.0,185750,0,1,1,0,0,4
3.0,1,1,1,41.54515615568198,2,9416.0,79.0,0,3,1726.0,311872,0,0,0,0,0,7
3.0,1,1,0,45.628938186199335,0,11426.0,63.0,0,3,1362.0,200000,1,1,0,0,0,4
3.0,1,2,2,36.59234892706397,1,8049.0,50.0,0,3,1309.0,180000,0,0,0,0,0,4
3.0,4,3,2,49.49747468305833,0,16545.0,60.0,0,2,1284.0,340000,1,0,0,0,0,8
4.0,0,1,2,43.162483709814474,0,14054.0,58.0,0,3,879.0,219210,1,1,0,0,0,5
2.0,0,3,0,27.712812921102035,1,8445.0,70.0,1,1,768.0,133000,0,1,1,0,1,2
1.0,3,0,3,18.275666882497067,3,5000.0,50.0,4,9,82.5,39300,0,1,1,1,1,0
3.0,1,4,0,33.704599092705436,1,9200.0,80.0,2,4,1136.0,140000,0,1,1,0,0,2
2.0,1,3,2,36.565010597564445,1,4500.0,32.0,0,4,1237.0,153500,0,0,0,0,0,3
2.0,1,4,0,30.199337741083,1,7800.0,66.0,0,1,912.0,115000,0,1,1,0,0,2
4.0,1,2,1,42.567593307585526,1,7590.0,69.0,0,1,864.0,169500,1,0,0,0,0,3
4.0,1,1,0,46.8187996428785,0,8400.0,60.0,3,1,720.0,179500,1,1,0,0,1,4
4.5,1,1,3,34.40930106817051,1,8410.0,58.0,4,1,658.0,81000,1,1,0,1,1,1
4.0,1,1,0,43.46262762420146,1,10120.0,60.0,6,3,925.0,122000,1,1,1,0,1,2
2.0,1,4,0,36.42801120017397,0,7388.0,75.0,2,1,1063.0,150750,0,1,1,0,1,3
3.0,1,2,2,37.70941526992961,0,12090.0,78.0,2,4,1422.0,175500,0,0,1,0,0,3
4.0,0,1,0,40.39801975344831,1,17619.5,100.0,6,1,1632.0,143000,0,1,1,0,0,3
3.0,1,2,0,40.3732584763727,0,9750.0,75.0,0,3,1630.0,213000,0,0,0,0,1,4
2.0,1,1,3,39.06404996924922,3,8470.0,105.0,7,7,1013.0,85000,0,1,1,1,1,1
2.0,3,0,0,32.2490309931942,1,7200.0,60.0,0,5,82.5,90000,0,1,1,0,1,1
4.0,1,1,0,40.58324777540605,3,6858.0,66.0,6,4,806.0,128000,1,1,0,0,1,2
4.0,1,6,0,44.50842616853577,0,7804.0,65.0,4,5,1122.0,135000,1,1,0,0,1,2
3.0,1,3,2,40.54626986542659,1,9600.0,80.0,0,4,1416.0,167000,0,0,1,0,0,3
3.0,1,1,2,50.73460357586329,2,9588.0,69.0,0,2,1482.0,276000,1,0,0,0,0,6
4.0,1,1,0,42.708313008125245,1,13515.0,60.0,2,4,764.0,180500,1,1,1,0,1,4
3.0,2,3,1,36.742346141747674,1,9020.0,82.0,0,4,1248.0,168500,0,0,1,0,0,3
2.0,1,5,1,30.95157508108432,1,4928.0,86.0,2,4,958.0,143750,0,1,0,0,0,3
4.0,1,1,0,42.988370520409354,0,13053.0,64.0,1,4,833.0,207000,1,1,1,0,1,4
3.0,1,6,0,40.24922359499622,1,9991.0,60.0,6,5,1281.0,150000,0,1,0,0,1,3
3.0,1,3,1,34.161381705077446,0,9248.0,60.0,2,4,1158.0,173000,0,0,0,0,0,3
3.0,1,5,0,38.561638969317684,1,8741.0,52.0,6,4,735.0,113000,0,1,0,0,1,2
3.0,1,6,1,29.866369046136157,1,7150.0,65.0,0,1,892.0,100000,0,0,1,0,0,1
3.0,1,6,0,28.35489375751565,0,7200.0,60.0,1,1,788.0,119000,0,0,1,0,1,2
3.0,1,1,3,33.76388603226827,1,17217.0,90.0,0,1,1140.0,84500,0,1,0,1,0,1
4.0,1,6,1,42.37924020083418,1,7056.0,71.0,0,4,780.0,140000,1,0,0,0,0,2
4.0,1,5,2,45.05552130427524,0,12046.0,75.0,2,4,848.0,195000,1,0,0,0,0,4
3.0,0,3,1,44.799553569204235,2,11003.0,85.0,0,6,1017.0,310000,1,0,0,0,0,7
2.0,1,1,0,26.28687885618983,2,5400.0,60.0,2,1,691.0,86000,0,1,0,0,1,1
3.0,1,1,1,39.87480407475377,0,9000.0,75.0,0,2,768.0,210000,0,1,0,0,0,4
4.0,1,4,0,43.069710934716056,1,9525.0,75.0,6,4,994.0,136900,1,1,1,0,1,2
3.0,1,1,2,42.473521163190604,0,7500.0,60.0,0,3,994.0,189000,1,1,0,0,0,4
3.0,1,3,1,42.04759208325728,0,8158.0,65.0,0,3,884.0,224900,1,0,0,0,0,5
4.0,2,3,2,52.561868307738074,0,17619.5,111.5,0,6,1930.0,625000,1,0,0,0,1,16
3.0,1,3,1,36.02776706930364,0,11200.0,60.0,0,4,1298.0,180000,0,0,0,0,0,4
1.0,1,2,2,42.43819034784589,1,15602.0,100.0,3,3,1501.0,289000,0,1,0,0,1,7
1.0,0,3,3,25.099800796022265,2,1571.5,27.5,1,1,630.0,92000,0,1,1,1,0,1
2.0,1,6,0,33.21144381083123,0,6000.0,50.0,2,4,1103.0,110500,0,1,0,0,1,2
2.0,4,1,1,34.322004603461025,1,8712.0,66.0,1,5,859.0,102776,1,1,1,0,1,1
2.0,1,5,0,34.583232931581165,1,4800.0,40.0,1,5,1196.0,109900,0,1,1,0,1,2
3.0,1,1,2,37.04051835490427,0,8640.0,72.0,0,3,1372.0,250580,0,1,0,0,1,5
3.0,2,3,1,37.82856063875548,1,9150.0,101.0,0,4,1099.0,165000,0,0,0,0,0,3
3.0,0,1,1,37.70941526992961,0,8500.0,63.0,0,3,1422.0,179600,0,0,0,0,0,4
3.0,0,3,2,44.19275958796871,0,17619.5,73.0,0,4,1580.0,240000,1,1,0,0,0,5
2.0,1,1,1,33.481338085566414,1,8546.0,80.0,0,5,1121.0,140000,0,1,0,0,1,2
4.0,0,1,1,49.72926703662542,0,9591.0,76.0,0,2,1143.0,317000,1,0,0,0,1,7
3.0,1,4,2,32.51153641401772,1,7420.0,70.0,0,1,1057.0,132000,0,1,1,0,0,2
2.0,0,3,2,33.31666249791537,0,9101.0,65.0,2,1,1097.0,165500,0,0,0,0,0,3
4.0,1,3,2,47.644516998286385,0,11764.0,92.0,1,2,1152.0,290000,1,0,0,0,1,7
3.0,2,1,2,44.9221548904324,2,13214.0,89.0,0,0,1992.5,378500,0,1,0,0,1,9
3.0,4,4,2,37.22902093797257,1,11616.0,76.0,0,4,672.0,158900,1,0,1,0,0,3
3.0,4,1,1,44.19275958796871,0,10574.0,85.0,0,2,1082.0,252000,1,1,0,0,1,6
2.0,1,3,1,36.565010597564445,0,5395.0,41.0,0,2,1337.0,180000,0,1,1,0,0,4
4.0,1,1,2,47.80167361086848,0,11000.0,90.0,0,2,969.0,248000,1,0,0,0,0,5
3.0,2,3,1,41.44876355212541,0,10637.0,79.0,0,2,1705.0,297000,0,0,0,0,1,7
3.0,0,2,1,32.95451410656816,1,13400.0,85.0,0,1,1024.0,159950,0,0,1,0,0,3
2.0,1,1,2,39.433488306260706,0,3684.0,53.0,0,3,1373.0,174000,0,0,0,0,0,3
3.0,0,3,2,43.61192497471305,2,17500.0,100.0,3,3,1902.0,335000,0,1,0,0,1,8
4.0,1,5,2,50.1398045468867,1,11170.0,32.0,0,3,1216.0,250000,1,1,1,0,1,5
2.0,0,3,0,34.9857113690718,1,7018.0,64.0,0,1,1086.0,153337,0,0,1,0,0,3
3.0,1,2,0,32.46536616149585,1,9750.0,65.0,3,4,1054.0,151000,0,1,1,0,0,3
4.0,1,3,2,51.10772935672255,0,12203.0,98.0,0,2,1225.0,336000,1,0,1,0,1,8
3.0,1,3,0,30.033314835362415,1,6173.0,85.0,2,1,876.0,125500,0,0,1,0,0,2
4.0,1,3,1,48.507731342539614,2,13005.0,94.0,1,3,845.0,260000,0,0,0,0,0,6
3.0,1,3,2,37.30951621235526,1,10900.0,60.0,1,4,689.0,161750,1,0,0,0,0,3
3.0,0,2,0,33.98529093593286,0,11782.0,88.0,1,1,1109.0,148000,0,1,1,0,1,3
3.0,1,4,0,43.634848458542855,1,7200.0,60.0,6,1,1208.0,138000,1,1,1,0,1,2
3.0,1,1,1,34.02939905434711,1,6000.0,50.0,1,4,862.0,120000,1,1,1,0,1,2
3.0,4,1,2,36.90528417449187,1,6155.0,60.0,3,4,611.0,128000,1,1,1,0,1,2
4.0,1,1,2,47.86439177509728,0,8738.0,66.0,0,3,975.0,230000,1,0,1,0,0,5
3.0,1,1,0,36.29049462324811,1,8500.0,50.0,6,5,649.0,40000,1,1,0,0,1,0
3.0,1,3,1,41.641325627314025,2,12085.0,93.0,0,2,1734.0,318000,0,0,1,0,0,7
3.0,1,1,1,34.55430508634199,1,8760.0,73.0,2,4,1194.0,148000,0,0,1,0,0,3
4.0,4,1,0,37.62977544445356,1,12665.0,100.0,3,1,876.0,153900,1,1,1,0,1,3
3.0,4,6,1,37.1887079635741,1,13284.0,86.0,0,1,1383.0,165000,0,1,0,0,0,3
2.0,1,6,0,44.74371464239419,1,6270.0,82.0,2,1,1001.0,145000,1,1,1,0,1,3
4.5,0,1,1,38.67815921162743,0,9158.0,76.0,0,2,1496.0,225000,0,0,0,0,0,5
3.0,1,3,0,40.049968789001575,1,10998.0,60.0,0,1,984.0,117000,1,1,0,0,1,2
2.0,1,1,0,27.640549922170507,1,5232.0,30.0,0,1,680.0,73000,0,1,1,0,1,1
3.0,1,3,2,41.617304093369626,0,9206.0,77.0,0,4,741.0,178000,1,0,0,0,0,3
3.0,0,1,1,38.65229618017538,0,10652.0,91.0,0,3,1494.0,279500,0,0,0,0,1,6
2.0,1,1,0,31.400636936215164,1,6180.0,60.0,0,4,960.0,102000,0,1,0,0,1,1
2.0,1,3,2,33.83784863137726,0,3182.0,43.0,0,3,1145.0,160200,0,0,0,0,1,3
3.0,1,1,3,38.52272056851645,1,6300.0,35.0,2,4,742.0,128000,1,1,0,1,1,2
3.0,1,3,1,36.66060555964672,0,14375.0,66.0,2,4,819.0,137500,0,0,0,0,0,2
3.0,1,1,0,39.230090491866065,0,10440.0,60.0,3,1,650.0,157500,1,1,0,0,1,3
4.0,1,1,2,50.039984012787215,2,11198.0,77.0,0,0,1122.0,325000,1,0,0,0,1,8
1.0,4,1,0,27.331300737432898,1,5825.0,52.0,0,5,600.0,79900,0,0,1,0,1,1
3.0,0,3,1,45.79301256742124,0,9750.0,75.0,2,3,1108.0,274300,1,1,0,0,0,6
3.0,2,3,2,52.561868307738074,2,17619.5,111.5,0,6,1992.5,184750,1,0,0,0,1,4
2.0,1,1,0,34.292856398964496,1,6000.0,50.0,5,4,698.0,134900,1,1,1,0,1,2
2.0,1,4,3,26.832815729997478,1,7879.0,60.0,0,5,720.0,34900,0,1,0,1,1,0
3.0,1,1,1,39.74921382870358,0,11932.0,92.0,0,2,1580.0,235128,0,0,0,0,1,5
4.0,2,1,3,37.94733192202055,1,7711.0,42.0,4,5,1440.0,150000,0,1,1,1,0,3
3.0,1,3,2,38.41874542459709,0,8633.0,64.0,0,4,738.0,173500,0,1,0,0,0,3
3.0,0,3,1,38.72983346207417,0,8487.0,63.0,0,3,1500.0,190000,0,0,0,0,0,4
3.0,1,2,0,36.71511950137164,1,6000.0,50.0,3,1,884.0,117000,1,1,1,0,1,2
1.0,4,3,0,34.64101615137755,0,9230.0,71.0,3,1,864.0,146000,0,0,0,0,1,3
3.0,1,6,1,37.33630940518894,1,9500.0,75.0,0,4,1394.0,159000,0,0,0,0,0,3
4.0,1,3,0,40.39801975344831,0,9130.0,80.0,3,4,800.0,173000,1,0,0,0,1,3
3.0,1,2,0,30.199337741083,1,8521.0,70.0,0,1,912.0,125000,0,1,1,0,0,2
4.0,1,6,0,51.22499389946279,1,17619.5,86.0,2,4,1370.0,239000,1,1,1,0,1,5
3.0,1,1,1,41.182520563948,1,13673.0,40.0,0,1,1140.0,143900,0,1,0,0,0,3
2.0,1,1,0,35.07135583350036,1,10440.0,60.0,2,1,440.0,110000,1,1,1,0,1,2
3.0,1,4,0,52.22068555658763,0,10570.0,70.0,3,2,853.0,315000,1,1,0,0,1,7
3.0,1,1,1,38.157568056677825,1,15578.0,105.0,0,4,728.0,172785,1,1,1,0,0,3
3.0,1,5,0,29.393876913398138,0,6960.0,60.0,2,5,864.0,120500,0,1,1,0,0,2
3.0,1,1,0,41.340053217188775,0,2522.0,27.5,0,4,970.0,130000,1,0,0,0,1,2
3.0,1,3,2,40.80441152620633,0,8400.0,70.0,2,2,810.0,227000,1,1,0,0,0,5
3.0,2,3,1,51.43928459844674,0,9900.0,90.0,0,3,1347.0,260000,1,0,0,0,0,6
3.0,1,1,1,40.496913462633174,0,7226.0,72.0,0,3,798.0,183000,0,1,0,0,0,4
3.0,4,6,0,41.2189276910499,1,10615.0,107.0,0,7,978.0,95000,1,1,0,0,1,1
2.0,2,6,0,40.779897008207364,0,17619.5,43.0,2,5,1364.0,256000,0,1,0,0,1,6
4.5,1,4,0,41.569219381653056,1,9100.0,70.0,0,1,1728.0,125000,0,0,1,0,0,2
2.0,1,1,1,42.95346318982906,0,11218.0,70.0,0,4,1055.0,189000,1,1,0,0,0,4
3.0,2,6,1,43.02324952859791,0,9760.0,80.0,3,4,822.0,187000,1,0,0,0,1,4
3.0,1,1,1,38.58756276314948,0,11216.0,81.0,0,2,1489.0,232600,0,1,0,0,0,5
2.0,1,4,0,29.393876913398138,1,9100.0,70.0,2,4,864.0,127500,0,1,1,0,0,2
3.0,1,6,2,35.4400902933387,1,9937.0,75.0,2,1,1256.0,147500,0,1,0,0,0,3
2.0,1,4,2,28.5657137141714,1,6600.0,60.0,3,1,816.0,138000,0,1,1,0,1,2
4.0,2,2,0,42.661458015403085,0,13700.0,78.0,2,3,864.0,201800,1,0,0,0,1,4
4.0,4,6,1,46.119410230400824,0,13125.0,103.0,0,3,1104.0,238000,1,1,0,0,0,5
3.0,1,1,0,32.63433774416144,1,8892.0,80.0,0,1,1065.0,126500,0,0,1,0,0,2
4.0,1,1,0,34.64101615137755,1,11340.0,84.0,0,4,1200.0,125000,0,1,1,0,1,2
2.0,0,3,1,34.75629439396553,0,6762.0,64.0,0,3,1187.0,206000,0,0,0,0,0,4
4.0,2,1,2,49.8196748283246,0,12665.0,88.0,0,2,1094.0,281213,1,0,0,0,1,6
3.0,1,3,2,41.47288270665544,0,10593.0,59.0,0,3,1720.0,260400,0,0,0,0,0,6
3.0,1,5,3,28.982753492378876,1,4388.0,55.0,1,1,672.0,87000,0,1,1,1,1,1
3.0,1,3,1,35.9722114972099,0,7153.0,63.0,0,4,1278.0,179200,0,0,0,0,0,4
2.0,1,2,2,33.015148038438355,1,7024.0,60.0,0,1,1090.0,157000,0,1,0,0,1,3
4.0,1,1,2,47.57099956906519,0,12090.0,93.0,0,2,1141.0,258000,0,0,0,0,0,6
3.0,0,6,0,31.12876483254676,1,10356.0,111.5,2,1,969.0,122000,0,1,1,0,0,2
2.0,1,1,1,29.899832775452108,1,17619.5,111.5,6,7,894.0,81000,0,1,0,0,1,1
2.0,1,1,0,32.0624390837628,1,8960.0,56.0,2,1,1008.0,115000,0,1,1,0,1,2
4.0,1,4,0,44.24929377967517,1,7136.0,82.0,2,4,979.0,145000,1,0,1,0,1,3
2.0,0,1,1,42.36744032862972,0,9986.0,75.0,0,2,1795.0,147000,0,0,0,0,1,3
3.0,0,3,2,44.04543109109048,2,10159.0,83.0,0,0,1930.0,395192,0,0,0,0,1,10
3.0,1,6,0,34.322004603461025,0,10000.0,80.0,2,1,1176.0,157000,0,1,1,0,1,3
4.0,1,6,0,38.49675310984031,3,12155.0,83.0,3,4,672.0,140000,1,1,1,0,1,2
3.0,1,6,1,37.78888725538237,2,12274.0,91.0,0,3,1417.0,227680,0,0,0,0,0,5
3.0,0,6,0,29.393876913398138,1,15523.0,36.0,2,1,864.0,133500,0,1,1,0,0,2
3.0,4,5,0,33.331666624997915,1,9084.0,60.0,2,1,616.0,95000,1,1,1,0,1,1
3.0,1,1,2,38.34057902536163,1,9765.0,43.0,3,4,680.0,185000,1,0,0,0,0,4
3.0,1,1,0,33.406586176980134,1,10000.0,87.0,2,4,1116.0,160000,0,0,1,0,0,3
2.0,1,1,0,29.393876913398138,0,7332.0,60.0,2,4,864.0,120000,0,0,1,0,0,2
3.0,1,4,2,36.013886210738214,1,8532.0,74.0,2,1,1297.0,153000,0,0,1,0,1,3
3.0,1,2,0,33.36165463522455,0,9600.0,80.0,1,1,1113.0,147000,0,1,0,0,1,3
3.0,2,3,1,38.742741255621034,0,10335.0,78.0,0,3,1490.0,204000,0,0,0,0,0,4
3.0,4,3,0,39.331920878594275,0,8640.0,72.0,0,3,756.0,215200,1,1,0,0,0,5
3.0,1,3,1,44.12482294582042,0,12552.0,100.0,0,3,991.0,254900,1,1,0,0,1,6
3.0,0,1,1,41.43669871020132,0,11146.0,87.0,0,2,1709.0,255500,0,0,0,0,0,6
3.0,0,6,0,32.43454948045371,1,8816.0,80.0,1,4,1010.0,155000,0,0,1,0,0,3
3.0,0,2,0,44.86646854834911,1,9920.0,92.0,0,3,1117.0,269790,1,1,0,0,1,6
2.0,0,1,2,35.58089374931439,0,3182.0,43.0,0,3,1266.0,159895,0,0,0,0,0,3
4.0,0,3,2,52.561868307738074,2,16056.0,85.0,0,0,1992.0,556581,1,0,0,0,1,14
4.0,1,3,2,47.49736834815167,0,8795.0,80.0,0,3,952.0,236000,1,1,0,0,0,5
3.0,0,3,1,37.603191353926334,0,8773.0,65.0,0,3,1414.0,185500,0,0,0,0,0,4
3.0,1,3,1,41.48493702538308,0,8462.0,70.0,0,4,928.0,201000,1,0,0,0,0,4
3.0,1,2,1,39.395431207184416,1,11475.0,85.0,2,4,713.0,179900,1,1,0,0,0,4
2.0,1,1,1,33.58571124749333,1,7500.0,60.0,6,5,698.0,68400,1,1,1,0,1,0
3.0,0,2,2,33.436506994600975,1,9880.0,76.0,2,4,1096.0,171000,0,1,1,0,0,3
4.0,2,4,0,41.569219381653056,1,12640.0,55.0,0,4,1728.0,150900,0,1,1,0,0,3
4.0,1,3,1,49.47726750741192,0,17619.5,52.0,1,2,1629.0,402000,1,0,0,0,1,10
1.0,2,3,0,38.379682124790975,2,17619.5,65.0,3,1,1437.0,143000,0,1,0,0,1,3
3.0,4,5,1,41.43669871020132,0,13758.0,44.0,0,3,1156.0,187500,1,0,0,0,1,4
2.0,2,3,2,34.14674215792775,0,9587.0,59.0,0,3,856.0,190000,0,0,1,0,0,4
2.0,4,3,1,37.013511046643494,0,6442.0,44.0,0,2,1370.0,202500,0,0,0,0,0,4
3.0,0,2,1,41.52107898405339,1,17619.5,50.0,0,4,1680.0,197900,0,0,1,0,1,4
4.0,1,1,0,41.340053217188775,0,2522.0,27.5,0,3,970.0,130000,1,0,0,0,0,2
2.0,1,2,0,31.416556144810016,1,1680.0,27.5,4,4,483.0,89500,0,0,1,0,0,1
4.0,1,5,0,42.44997055358225,1,7588.0,54.0,2,3,793.0,200100,1,1,1,0,1,4
4.0,1,4,0,48.425200051213004,1,16560.0,80.0,3,4,952.0,239000,1,1,1,0,1,5
3.0,1,3,1,32.68026927673638,1,8414.0,70.0,3,4,1059.0,154500,0,1,1,0,1,3
2.0,1,5,1,40.2119385257662,0,8012.0,50.0,0,4,1604.0,193000,0,1,0,0,1,4
3.0,1,4,0,35.270384177096794,1,11988.0,90.0,2,4,1244.0,150000,0,1,0,0,0,3
2.0,1,1,0,34.351128074635334,3,11600.0,80.0,0,5,700.0,137500,0,1,1,0,1,2
2.0,1,1,1,34.97141690009142,0,2544.0,27.5,0,3,600.0,147400,1,1,0,0,0,3
3.0,1,6,0,41.060930335295616,1,10240.0,79.0,2,4,1686.0,207500,0,0,0,0,0,4
3.0,2,3,1,40.570925550201586,0,9520.0,71.0,0,2,1638.0,293077,0,0,0,0,1,7
3.0,1,6,1,33.823069050575526,1,10000.0,80.0,2,1,864.0,131400,0,1,1,0,1,2
3.0,0,1,1,42.391036788453285,0,9245.0,79.0,0,3,939.0,213500,1,1,0,0,0,4
2.0,3,0,0,34.9857113690718,1,9842.0,70.0,0,5,82.5,101800,0,1,1,0,0,1
3.0,1,3,1,43.18564576337837,0,10316.0,75.0,0,3,992.0,235000,1,1,0,0,0,5
3.0,1,4,1,32.49615361854384,1,8176.0,70.0,2,1,1056.0,139000,0,1,1,0,1,2
4.0,1,1,2,52.561868307738074,2,13518.0,104.0,0,0,1926.0,485000,1,0,0,0,1,12
3.0,0,2,0,34.813790371058424,1,8471.0,88.0,1,4,506.0,151000,0,0,0,0,1,3
3.0,0,3,1,41.15823125451335,0,10084.0,75.0,0,2,1686.0,307000,0,0,0,0,1,7
3.0,0,3,2,38.87158345115362,1,11207.0,70.0,0,4,802.0,185000,1,1,0,0,0,4
3.0,1,3,0,32.51153641401772,0,7922.0,68.0,1,1,1057.0,109000,0,1,0,0,1,2
4.0,1,1,0,47.853944456021594,1,11340.0,60.0,2,5,777.0,122500,1,1,1,0,1,2
4.0,1,3,0,46.72258554489466,0,13837.0,84.0,0,3,1204.0,229000,1,0,1,0,0,5
4.5,4,3,0,52.561868307738074,0,12376.0,90.0,0,3,1673.0,320000,1,1,1,0,0,7
2.0,1,1,1,41.42463035441596,0,8750.0,70.0,0,3,880.0,191000,1,1,0,0,0,4
3.0,1,4,0,36.6333181680284,1,9790.0,70.0,0,4,1372.0,161500,0,1,1,0,0,3
2.0,1,3,2,38.781438859330635,0,3182.0,43.0,0,3,1346.0,191000,0,0,0,0,1,4
3.0,1,1,1,44.63182720884279,0,9375.0,75.0,0,2,1053.0,250000,0,0,0,0,1,5
2.0,1,6,1,35.38361202590826,0,2160.0,27.5,0,3,600.0,160000,1,0,0,0,1,3
3.0,1,2,0,31.606961258558215,0,7758.0,50.0,1,1,999.0,132500,0,1,0,0,1,2
3.0,1,4,0,36.91882988394946,1,7740.0,60.0,1,5,622.0,125500,1,1,1,0,1,2
3.0,2,4,1,34.132096331752024,1,9020.0,82.0,1,4,1127.0,174900,0,0,0,0,0,3
3.0,0,3,1,40.84115571332428,0,11248.0,90.0,0,0,1626.0,285000,0,0,0,0,0,6
4.0,0,1,1,48.744230427815765,0,14215.0,101.0,0,2,1158.0,325300,1,0,0,0,1,8
3.0,1,1,0,37.94733192202055,1,5000.0,63.0,6,1,540.0,79000,1,1,1,0,1,1
3.0,0,3,2,38.34057902536163,1,13869.0,103.0,2,4,794.0,177000,1,1,0,0,0,3
3.0,4,4,1,39.25557285278104,0,12182.0,95.0,0,3,1541.0,220000,0,0,0,0,0,5
4.0,1,2,3,37.94733192202055,3,12108.0,92.0,6,5,1440.0,118000,0,0,1,1,0,2
3.0,0,3,1,33.85262175962151,0,9590.0,73.0,0,3,868.0,187500,0,0,0,0,0,4
1.0,0,5,2,38.65229618017538,2,9549.0,30.0,0,2,1494.0,270000,0,1,0,0,1,6
4.0,1,3,2,47.15930449020638,2,8834.0,74.0,0,0,1462.0,350000,0,0,1,0,1,8
3.0,1,1,0,36.64696440361739,1,7681.0,54.0,2,1,731.0,154900,1,1,1,0,1,3
4.0,1,1,2,49.51767361255979,0,16226.0,66.0,0,2,1028.0,267000,1,1,0,0,1,6
4.0,1,4,1,44.46346815083142,1,9500.0,100.0,2,4,816.0,165000,1,0,0,0,1,3
2.0,1,3,1,42.035699113967404,0,5306.0,44.0,1,3,1064.0,239000,1,1,0,0,0,5
2.0,1,3,2,36.38681079732051,0,6240.0,48.0,0,2,1324.0,254000,0,0,0,0,0,6
3.0,1,1,0,38.18376618407357,1,17503.0,78.0,0,4,912.0,97500,1,1,1,0,1,1
3.0,1,3,1,36.24913792078372,0,9317.0,78.0,0,4,1314.0,176432,0,1,0,0,0,3
4.5,1,3,1,39.68626966596886,0,8012.0,50.0,0,4,1575.0,179200,0,1,1,0,0,4
2.0,2,3,2,40.24922359499622,2,12898.0,89.0,0,0,1620.0,315500,0,0,1,0,1,7
4.5,0,1,0,42.28474902373195,1,11250.0,70.0,0,5,1104.0,161500,1,1,1,0,1,3
3.0,2,5,0,30.215889859476256,1,8400.0,70.0,0,4,814.0,129000,0,1,1,0,0,2
3.0,1,2,0,45.53020975132884,1,13175.0,85.0,2,4,1542.0,210000,0,0,1,0,1,4
2.0,1,1,0,37.960505792204614,0,2645.0,27.5,0,2,776.0,174000,1,0,1,0,1,3
3.0,1,1,0,41.10960958218893,1,8850.0,65.0,2,3,815.0,144000,1,1,1,0,1,3
3.0,1,4,0,37.907782842049734,1,14175.0,70.0,2,1,1188.0,168000,0,1,1,0,1,3
3.0,1,6,1,46.4327470649756,1,17619.5,60.0,1,3,1568.0,262500,0,1,0,0,1,6
2.0,1,4,3,29.393876913398138,1,5604.0,67.0,2,1,864.0,98000,0,1,1,1,1,1
3.0,1,4,0,33.34666400106613,1,2592.0,36.0,4,1,536.0,85000,1,1,1,0,0,1
4.0,1,2,1,47.36032094485847,0,13474.0,111.5,0,3,700.0,225000,1,0,0,0,1,5
3.0,1,1,0,36.4417343165772,1,9906.0,57.0,6,5,686.0,107000,1,1,0,0,1,2
4.0,1,1,0,31.11269837220809,1,10800.0,60.0,2,5,656.0,64500,0,1,1,0,1,0
3.0,1,1,0,37.36308338453881,1,8730.0,60.0,1,4,698.0,153575,1,1,1,0,1,3
1.0,0,3,2,43.08131845707603,2,11394.0,88.0,7,0,1856.0,394432,0,0,1,0,0,9
3.0,1,3,2,46.486557196677836,2,10562.0,86.0,0,2,1582.0,325624,1,0,0,0,0,8
3.0,1,2,2,40.024992192379,0,16635.0,63.0,1,4,1602.0,215000,0,0,1,0,1,5
3.0,1,1,0,36.08323710533743,1,1680.0,27.5,0,1,630.0,112000,1,0,1,0,0,2
3.0,1,3,2,38.84584919911006,0,7861.0,60.0,0,4,783.0,183200,1,1,0,0,1,4
2.0,1,2,0,30.199337741083,1,12968.0,88.0,2,1,912.0,144000,0,1,1,0,0,3
3.0,1,2,0,40.792156108742276,1,5000.0,50.0,1,4,1004.0,159000,0,1,0,0,1,3
4.0,1,4,0,41.15823125451335,1,8400.0,60.0,0,4,1181.0,136500,1,1,1,0,1,2
2.0,1,1,0,27.331300737432898,1,4608.0,47.0,2,5,747.0,80000,0,1,1,0,1,1
2.0,3,1,0,32.2490309931942,1,7200.0,60.0,0,5,82.5,109900,0,1,0,0,0,2
3.0,1,1,1,40.74309757492672,0,8935.0,68.0,0,3,831.0,195000,1,0,0,0,0,4
3.0,1,5,0,41.12177038990418,0,5000.0,50.0,2,1,1026.0,127000,1,1,1,0,1,2
3.0,1,2,1,29.393876913398138,0,7200.0,60.0,3,1,864.0,129000,0,1,1,0,1,2
2.0,1,2,0,27.422618401604176,1,7175.0,50.0,0,4,744.0,125000,0,1,1,0,0,2
3.0,1,3,1,42.33202097703345,0,12435.0,80.0,0,3,963.0,231500,1,0,0,0,0,5
2.0,1,1,1,40.32369030731191,0,2628.0,36.0,0,3,764.0,175500,1,0,0,0,0,3
3.0,0,3,1,38.52272056851645,2,9037.0,64.0,0,2,1476.0,265900,0,0,0,0,0,6
3.0,1,1,0,52.561868307738074,0,17619.5,87.0,5,3,1470.0,295000,1,1,1,0,1,7
2.0,1,3,2,40.64480286580315,2,13173.0,108.0,0,0,1652.0,325000,0,0,0,0,1,8
2.0,1,1,0,35.7211421989835,1,9571.0,68.0,4,1,1276.0,60000,0,1,1,0,0,0
3.0,1,6,0,40.84115571332428,1,9600.0,80.0,3,4,856.0,140000,0,1,1,0,1,2
4.0,1,1,3,34.52535300326414,1,10800.0,60.0,6,5,720.0,135000,1,1,1,1,1,2
2.0,0,2,1,29.732137494637012,0,9180.0,60.0,1,1,840.0,144000,0,1,1,0,0,3
3.0,2,3,1,45.40925015897091,1,14364.0,50.0,0,3,1157.0,277000,0,0,0,0,1,6
2.0,3,0,0,28.75760768909681,1,7200.0,60.0,1,1,82.5,107500,0,1,1,0,1,2
3.0,1,1,0,44.93328387732194,0,11414.0,60.0,3,3,728.0,167500,1,1,0,0,1,3
3.0,4,1,2,36.11094017053558,1,2665.0,80.0,2,1,264.0,115000,1,1,0,0,0,2
3.0,1,1,0,36.98648401781386,1,3600.0,60.0,1,4,684.0,114504,1,1,0,0,1,2
3.0,1,1,0,40.06245124802026,1,5790.0,60.0,2,7,840.0,107400,1,1,1,0,1,2
3.0,1,3,2,44.94441010848846,2,12220.0,94.0,0,6,1992.5,402861,0,0,0,0,0,10
2.0,1,1,1,35.35533905932738,0,4251.0,35.0,0,3,625.0,164700,1,1,0,0,1,3
2.0,1,3,1,40.29888335921977,0,12461.0,89.0,0,2,1624.0,262000,0,1,0,0,1,6
2.0,1,2,0,29.068883707497267,1,7599.0,69.0,2,5,845.0,129500,0,1,1,0,1,2
2.0,0,2,1,37.26929030716845,1,10010.0,77.0,0,1,1389.0,170000,0,1,0,0,1,3
2.0,1,1,0,31.11269837220809,1,8520.0,60.0,2,1,968.0,100000,0,1,1,0,1,1
3.0,1,1,0,33.04542328371661,1,2001.0,27.5,0,5,546.0,75000,1,0,1,0,0,1
1.0,0,3,2,29.120439557122072,0,4435.0,66.0,0,4,848.0,144000,0,0,1,0,1,3
3.0,1,6,0,35.62302626111375,1,7931.0,70.0,2,1,1269.0,155000,0,1,1,0,0,3
3.0,1,5,0,33.04542328371661,1,11616.0,60.0,0,1,1092.0,139000,0,0,0,0,0,2
3.0,1,2,2,47.57099956906519,0,16659.0,108.0,1,3,795.0,235000,1,0,0,0,1,5
2.0,1,2,0,30.854497241083024,1,8475.0,50.0,1,5,952.0,135750,0,1,1,0,0,2
2.0,1,1,3,38.1051177665153,1,4456.0,33.0,0,5,736.0,113000,1,1,1,1,1,2
3.0,4,6,0,32.2335229225724,1,11625.0,75.0,6,1,1039.0,131500,0,1,1,0,0,2
2.0,1,3,1,34.698703145794944,1,4500.0,32.0,0,4,1204.0,162000,0,0,0,0,0,3
3.0,0,2,1,33.421549934136806,1,7819.0,94.0,0,4,1029.0,107000,0,1,1,0,0,2
4.0,4,2,1,46.861498055439924,0,14684.0,90.0,1,3,1992.5,271900,0,0,0,0,1,6
3.0,0,3,0,31.38470965295043,1,8385.0,65.0,3,1,985.0,149900,0,0,1,0,0,3
3.0,1,3,1,40.36087214122113,0,10655.0,85.0,0,2,1992.5,284000,0,0,1,0,1,6
3.0,1,1,0,38.43175770115127,1,6292.0,52.0,1,3,861.0,145000,1,1,0,0,1,3
3.0,1,6,0,31.304951684997057,1,7064.0,71.0,2,1,980.0,135000,0,0,1,0,0,2
4.0,1,3,1,47.90615826801394,0,13346.0,40.0,0,3,1095.0,268000,1,1,0,0,1,6
3.0,1,1,0,38.7556447501522,0,10592.0,55.0,1,4,602.0,165000,1,1,1,0,1,3
4.0,0,3,0,46.9148164229596,0,17619.5,100.0,1,4,697.0,274970,1,1,0,0,0,6
3.0,1,3,2,45.58508528016593,2,10800.0,85.0,0,2,1034.0,339750,1,0,0,0,1,8
1.0,1,1,3,28.284271247461902,3,6120.0,51.0,4,8,264.0,60000,0,1,1,1,1,0
3.0,1,1,1,39.72404813208241,2,9262.0,78.0,0,2,1573.0,287090,0,0,0,0,1,7
2.0,0,3,2,43.95452195167182,2,12444.0,96.0,0,2,1932.0,394617,0,0,0,0,0,9
4.0,1,2,0,38.82009788756334,1,7910.0,70.0,0,1,1075.0,127000,0,1,1,0,0,2
3.0,1,6,0,30.0,1,9819.0,40.0,0,1,882.0,122000,0,0,1,0,0,2
3.0,2,3,2,41.44876355212541,2,12456.0,96.0,0,6,1700.0,337500,0,0,0,0,1,8
3.0,1,1,0,41.83300132670378,2,9000.0,50.0,2,1,636.0,124000,1,1,1,0,1,2
3.0,1,3,2,48.96937818678118,0,11787.0,95.0,0,3,1379.0,315750,1,0,0,0,1,7
4.0,1,1,2,44.36214602563767,2,12003.0,92.0,0,2,774.0,269500,1,0,0,0,1,6
3.0,0,3,1,39.191835884530846,0,9135.0,70.0,0,3,1536.0,214000,0,0,0,0,1,4
2.0,1,4,0,29.393876913398138,1,8212.0,45.0,4,7,864.0,58500,0,1,1,0,1,0
3.0,1,3,1,52.561868307738074,0,12692.0,60.0,0,2,1992.5,430000,0,1,0,0,1,10
1.0,1,3,1,46.357307945997036,0,12822.0,48.0,0,3,1434.0,239686,1,1,0,0,0,5
4.0,1,1,0,51.38093031466052,0,11700.0,65.0,1,3,1240.0,265979,1,1,1,0,1,6
3.0,1,1,0,41.012193308819754,1,10400.0,80.0,2,3,1304.0,174000,0,0,1,0,0,3
2.0,4,1,1,45.803929962395145,2,10240.0,80.0,0,2,1030.0,275500,1,0,0,0,0,6
3.0,1,4,0,29.393876913398138,1,8281.0,60.0,0,1,864.0,62383,0,1,1,0,0,0
3.0,0,1,1,44.36214602563767,1,11075.0,68.0,6,1,784.0,172000,1,0,0,0,0,3
3.0,1,3,0,33.12099032335839,1,9672.0,81.0,0,4,1040.0,152000,0,1,1,0,1,3
3.0,4,1,0,34.583232931581165,0,12354.0,67.0,3,4,684.0,110000,1,1,0,0,1,2
4.0,1,2,0,43.81780460041329,0,13650.0,45.0,0,1,1052.0,172500,1,1,1,0,0,3
4.5,1,5,0,41.569219381653056,1,13101.0,74.0,0,1,1728.0,142600,0,0,1,0,0,2
3.0,1,3,1,45.066617356974994,0,9473.0,75.0,0,2,1128.0,237000,1,1,0,0,0,5
2.0,1,5,1,34.583232931581165,1,9000.0,72.0,0,4,1196.0,139000,0,0,0,0,0,2
2.0,0,6,0,28.337254630609507,1,5000.0,50.0,2,1,720.0,87000,0,1,1,0,1,1
4.0,1,4,2,40.24922359499622,1,10793.0,80.0,0,1,780.0,152000,1,0,1,0,0,3
1.0,4,1,2,45.79301256742124,2,17619.5,49.0,0,2,1992.5,423000,0,1,0,0,1,10
2.0,1,1,1,43.23193264243457,2,7820.0,68.0,0,0,1869.0,318061,0,0,0,0,0,7
3.0,1,1,2,43.42810150121693,0,11214.0,35.0,0,3,930.0,199900,1,1,1,0,1,4
4.0,0,6,0,21.908902300206645,1,9000.0,50.0,4,8,480.0,35311,0,1,1,0,1,0
2.0,3,0,0,36.0,1,10791.0,72.0,0,5,82.5,90000,0,1,1,0,0,1
2.0,4,2,0,28.5657137141714,1,8877.0,67.0,2,5,816.0,100000,0,1,1,0,1,1
3.0,1,2,1,40.01249804748511,1,11880.0,82.0,0,3,1271.0,157000,0,0,1,0,0,3
3.0,1,1,2,42.33202097703345,1,10261.0,93.0,0,4,936.0,186500,1,0,1,0,0,4
4.5,1,3,1,50.19960159204453,0,14541.0,63.0,1,2,1338.0,310000,1,1,0,0,0,7
3.0,0,6,1,33.823069050575526,1,8163.0,70.0,2,1,1144.0,143000,0,0,1,0,0,3
4.0,1,1,1,51.0,1,9842.0,51.0,2,1,612.0,189000,1,1,1,0,1,4
3.0,1,1,0,39.71145930332956,3,6435.0,65.0,0,4,972.0,140200,1,1,1,0,1,2
2.0,1,3,0,31.144823004794873,1,8480.0,80.0,2,1,970.0,132500,0,1,0,0,0,2
3.0,2,2,1,45.12205669071391,1,17619.5,111.5,0,3,1992.5,375000,0,1,1,0,0,9
3.0,1,3,1,32.03123475609393,0,7930.0,61.0,3,4,1026.0,156000,0,1,0,0,1,3
2.0,1,1,3,26.419689627245813,1,9405.0,50.0,5,1,698.0,118000,0,1,0,1,1,2
2.0,2,2,0,39.153543900903784,0,17619.5,62.0,0,3,1533.0,280000,0,1,0,0,0,6
2.0,1,4,0,37.17526059088221,1,12358.0,60.0,2,1,720.0,128500,0,1,1,0,1,2
2.0,4,4,1,37.296112397943034,0,4282.0,59.0,0,3,1391.0,196000,0,1,0,0,0,4
2.0,4,4,0,32.83291031876401,0,9717.0,68.0,2,1,1078.0,142125,0,1,1,0,1,2
2.0,1,3,2,36.0,0,6853.0,43.0,0,2,1267.0,220000,0,0,0,0,1,5
4.0,1,4,1,37.97367509209505,1,9750.0,75.0,2,4,1442.0,157900,0,0,1,0,0,3
4.0,0,1,3,44.31703961232068,1,8525.0,55.0,2,1,940.0,130000,1,1,0,1,1,2
3.0,1,1,1,38.7556447501522,0,9541.0,79.0,0,3,1502.0,233170,0,0,0,0,0,5
3.0,1,4,1,37.30951621235526,1,11900.0,80.0,0,4,1392.0,166000,0,0,1,0,0,3
4.0,1,1,3,42.04759208325728,1,10778.0,72.0,0,5,1768.0,136500,0,1,1,1,0,2
4.0,0,4,0,39.774363602702685,1,17619.5,92.0,0,1,1624.0,190000,0,0,0,0,0,4
2.0,4,6,1,30.95157508108432,1,12772.0,90.0,3,4,958.0,151500,0,1,1,0,1,3
2.0,0,4,1,29.899832775452108,1,7200.0,60.0,0,1,894.0,123000,0,1,1,0,0,2
2.0,1,3,2,34.9857113690718,1,4500.0,50.0,0,4,1224.0,165000,0,0,0,0,0,3
3.0,0,3,2,48.29078587059855,2,12474.0,96.0,0,6,1682.0,426000,1,0,0,0,1,10
2.0,1,3,2,35.62302626111375,0,3182.0,43.0,0,2,1256.0,192000,0,0,0,0,1,4
3.0,2,3,2,42.14261501141095,0,15306.0,93.0,0,2,1732.0,283463,0,0,1,0,1,6
3.0,1,1,2,38.157568056677825,0,8461.0,65.0,0,4,728.0,163990,1,1,0,0,1,3
3.0,4,2,2,34.55430508634199,1,8910.0,79.0,2,4,655.0,159500,0,1,1,0,0,3
2.0,1,6,0,31.74901573277509,0,8923.0,66.0,1,1,1008.0,134500,0,1,0,0,1,2
2.0,0,3,2,39.433488306260706,0,3182.0,43.0,0,3,1373.0,192500,0,0,0,0,1,4
4.0,4,1,0,42.23742416388575,1,13132.0,96.0,0,1,747.0,138887,1,1,0,0,1,2
3.0,1,1,0,33.28663395418648,0,7449.0,57.0,1,3,637.0,139400,0,1,1,0,1,2
3.0,1,0,2,37.33630940518894,0,9735.0,73.0,0,1,384.0,167500,1,1,1,0,1,3
2.0,1,6,0,41.400483088968905,1,10421.0,80.0,0,3,980.0,196500,1,0,0,0,0,4
3.0,3,0,1,29.698484809834994,1,8339.0,60.0,1,1,82.5,106500,0,1,1,0,0,1
3.0,1,1,3,36.138621999185304,3,5350.0,55.0,7,7,728.0,76500,0,1,1,1,1,1
3.0,1,2,1,34.88552708502482,1,10762.0,75.0,2,4,626.0,120000,1,1,0,0,0,2
3.0,1,3,0,31.464265445104548,1,8775.0,65.0,0,1,990.0,126000,0,1,0,0,0,2
4.0,0,1,1,49.51767361255979,0,13418.0,108.0,0,2,1117.0,309000,1,0,0,0,1,7
1.0,0,3,1,29.120439557122072,0,4435.0,70.0,0,4,848.0,140000,0,0,1,0,0,2
3.0,1,6,0,37.0,1,6629.0,54.0,2,4,672.0,103600,1,1,1,0,1,1
2.0,1,3,2,34.899856733230294,0,7862.0,75.0,0,4,1218.0,208300,0,1,0,0,0,4
3.0,1,1,2,50.547007824400445,1,11526.0,79.0,1,4,588.0,191000,1,1,1,0,1,4
1.0,1,3,2,35.31288716601915,0,3316.0,37.0,0,2,1247.0,197000,0,1,0,0,0,4
4.0,1,2,2,52.561868307738074,1,12227.0,40.0,1,4,1330.0,272000,1,0,0,0,1,6
2.0,2,3,1,40.64480286580315,0,5587.0,64.0,0,2,1600.0,392500,0,0,0,0,0,9
3.0,1,6,1,42.941821107167776,1,11751.0,105.0,2,4,1844.0,190000,0,0,0,0,0,4
3.0,4,3,1,44.395945760846224,0,9675.0,75.0,0,3,1113.0,253000,1,1,0,0,0,6
3.0,1,1,2,42.42640687119285,1,8123.0,60.0,0,4,982.0,179000,1,0,0,0,0,4
3.0,1,3,2,44.14748010928823,0,9938.0,80.0,0,3,1050.0,236000,1,0,0,0,1,5
1.0,0,5,3,25.099800796022265,1,1571.5,27.5,2,5,630.0,75500,0,1,0,1,0,1
4.0,4,3,1,38.65229618017538,0,12803.0,88.0,0,3,1494.0,221000,0,0,0,0,0,5
3.0,1,1,3,31.11269837220809,1,5925.0,50.0,2,7,600.0,37900,0,1,1,1,1,0
3.0,1,3,1,35.6931365951495,0,8814.0,68.0,0,3,1274.0,203000,0,0,0,0,1,4
3.0,0,6,1,38.98717737923585,1,9600.0,80.0,2,4,1156.0,153000,0,0,1,0,1,3
3.0,1,1,1,35.84689665786984,1,8197.0,71.0,0,4,660.0,143500,0,0,1,0,0,3
3.0,1,1,2,38.84584919911006,0,7875.0,63.0,0,3,783.0,180000,1,1,0,0,0,4
3.0,1,1,1,43.98863489584554,1,12384.0,70.0,1,3,793.0,197900,1,0,0,0,0,4
3.0,0,3,3,28.5657137141714,1,11841.0,81.0,0,4,816.0,118500,0,0,0,1,0,2
2.0,1,3,1,34.64101615137755,0,10083.0,67.0,0,3,1176.0,184900,0,1,0,0,0,4
4.0,1,1,0,38.34057902536163,1,8172.0,60.0,2,5,941.0,135000,0,1,1,0,1,2
3.0,2,6,2,40.69397989875161,1,17619.5,111.5,0,4,1080.0,215000,0,0,0,0,0,5
2.0,1,1,0,28.142494558940577,0,9022.0,52.0,3,1,768.0,109500,0,1,1,0,1,2
3.0,1,1,2,41.15823125451335,0,12030.0,93.0,0,2,1694.0,318000,0,0,0,0,0,7
3.0,2,3,2,42.42640687119285,0,14331.0,85.0,0,2,1800.0,312500,0,0,0,0,0,7
4.5,1,1,0,48.342527861087284,1,13600.0,85.0,0,1,662.0,90000,1,1,0,0,1,1
3.0,4,4,0,42.96510211788167,1,10496.0,78.0,2,4,1040.0,143000,1,0,1,0,1,3
3.0,2,3,0,32.03123475609393,1,10970.0,80.0,2,4,940.0,147000,0,1,1,0,0,3
3.0,1,1,0,30.066592756745816,1,7162.0,74.0,1,1,876.0,109900,0,0,1,0,0,2
3.0,1,2,1,33.555923471125034,1,17400.0,80.0,0,1,1126.0,160000,0,1,0,0,0,3
4.0,0,3,1,49.678969393496885,0,12099.0,99.0,0,2,1136.0,354000,1,0,0,0,0,8
1.0,2,2,0,31.432467291003423,1,17619.5,40.0,0,4,938.0,180000,0,1,0,0,0,4
3.0,0,3,1,32.43454948045371,1,8400.0,70.0,0,1,1052.0,138500,0,0,1,0,0,2
2.0,1,1,3,33.1058907144937,1,9600.0,60.0,0,4,572.0,79000,1,1,0,1,1,1
3.0,1,1,0,33.77869150810907,1,13072.0,63.0,0,4,1141.0,142500,0,1,1,0,0,2
4.0,1,4,1,42.30839160261236,1,10400.0,80.0,0,4,732.0,165150,1,0,1,0,0,3
3.0,4,3,2,43.034869582700026,0,9066.0,73.0,0,2,1004.0,230000,1,0,0,0,1,5
2.0,0,3,0,27.459060435491963,1,6780.0,60.0,3,4,520.0,84500,0,1,1,1,1,1
4.0,1,1,0,36.66060555964672,1,4571.0,34.0,0,1,624.0,98000,1,1,1,0,1,1
3.0,2,3,1,46.97871858618538,1,17619.5,50.0,0,3,1947.0,180000,0,0,1,0,1,4
4.5,1,1,0,48.55924216871593,1,17619.5,75.0,3,4,907.0,240000,1,1,0,0,1,5
4.0,1,3,2,52.10566188045211,0,8963.0,80.0,5,2,1142.0,299800,1,0,0,0,1,7
2.0,0,3,1,36.932370625238775,0,7052.0,43.0,0,3,1364.0,185850,0,0,0,0,0,4
3.0,1,1,2,35.397740040855716,1,7875.0,63.0,0,3,1237.0,176000,0,0,0,0,1,3
3.0,1,2,0,36.4417343165772,1,9790.0,60.0,0,4,1328.0,143000,0,0,0,0,0,3
3.0,1,1,1,37.70941526992961,1,12342.0,97.0,0,1,978.0,139900,0,1,1,0,1,2
3.0,1,6,0,44.56455991031439,1,13600.0,85.0,2,3,768.0,205000,1,0,0,0,1,4
2.0,1,1,0,30.854497241083024,3,8854.0,43.0,2,4,952.0,121000,0,1,0,0,1,2
3.0,4,3,1,40.74309757492672,0,10182.0,85.0,0,2,1660.0,290000,0,0,0,0,0,7
1.0,1,3,2,47.265209192385896,2,17423.0,63.0,0,0,1992.5,501837,0,0,0,0,1,12
2.0,4,3,0,28.106938645110393,1,6292.0,52.0,0,4,768.0,91000,0,1,0,0,1,1
3.0,0,3,2,36.60601043544625,0,8899.0,73.0,0,3,1340.0,181134,0,1,0,0,0,4
3.0,4,2,1,40.124805295477756,0,10603.0,100.0,1,4,1610.0,205000,0,0,0,0,1,4
4.0,1,3,1,51.18593556827891,1,17619.5,68.0,0,1,1361.0,190000,1,0,0,0,0,4
2.0,0,3,2,35.32704346531139,0,3010.0,43.0,0,3,1248.0,167240,0,0,1,0,1,3
3.0,4,3,0,30.199337741083,0,6768.0,65.0,3,4,912.0,142000,0,1,1,0,1,2
3.0,2,3,2,40.47221268969612,1,9042.0,59.0,0,4,943.0,192000,0,1,0,0,0,4
3.0,0,6,2,40.27406113120453,1,17619.5,68.0,6,5,1249.0,168000,0,0,1,0,1,3
3.0,1,2,0,48.16637831516918,0,7259.0,61.0,3,4,1028.0,259500,1,1,1,0,1,6
3.0,1,4,0,33.823069050575526,1,7875.0,75.0,2,1,1144.0,139950,0,0,1,0,0,2
3.0,1,4,0,38.98717737923585,1,4500.0,55.0,0,1,793.0,159434,1,1,1,0,1,3
3.0,1,4,1,38.93584466786357,1,10004.0,100.0,2,4,1516.0,167000,0,0,1,0,0,3
2.0,4,1,1,38.704004960727254,0,8990.0,73.0,0,3,1498.0,204900,0,1,0,0,0,4
3.0,1,2,2,44.28317965096906,0,12209.0,71.0,0,4,804.0,215000,1,1,0,0,1,5
3.0,1,1,2,38.157568056677825,0,11103.0,85.0,0,3,728.0,155835,1,1,1,0,0,3
1.0,4,1,0,49.02040391510457,1,17619.5,76.0,1,3,1032.0,244400,1,1,1,0,1,5
3.0,2,1,2,44.090815370097204,2,12378.0,90.0,0,0,1896.0,360000,0,1,0,0,1,9
2.0,1,1,1,36.98648401781386,0,6955.0,48.0,0,3,1368.0,202500,0,0,0,0,1,4
3.0,1,3,1,42.30839160261236,0,9179.0,68.0,0,3,873.0,193000,1,0,0,0,0,4
3.0,0,3,2,52.08646657242167,2,14948.0,67.0,0,0,1452.0,446261,1,0,0,0,0,11
3.0,1,1,1,35.651086939951774,1,17619.5,111.5,0,1,720.0,135000,1,1,1,0,1,2
3.0,0,3,1,43.266615305567875,1,10400.0,80.0,0,3,1845.0,241500,0,0,0,0,0,5
3.0,4,3,2,45.71651780264984,0,5062.0,72.0,0,3,1190.0,207500,1,1,1,0,0,4
3.0,4,3,1,42.37924020083418,1,9531.0,77.0,0,4,794.0,211000,1,1,0,0,0,4
3.0,0,1,2,36.08323710533743,0,8993.0,73.0,0,3,1302.0,176485,0,1,0,0,0,3
4.0,1,2,2,50.23942674832188,0,9600.0,80.0,0,2,1992.5,278000,0,1,0,0,0,6
2.0,1,2,2,37.067505985701274,1,5400.0,90.0,2,5,840.0,105000,1,1,1,0,1,1
2.0,1,3,1,40.32369030731191,0,2268.0,36.0,0,3,764.0,173000,1,0,0,0,1,3
2.0,1,3,0,32.155870381627054,1,10134.0,60.0,2,1,735.0,109000,1,1,0,0,1,2
1.0,2,3,1,38.961519477556315,2,12677.0,62.0,0,2,1518.0,274000,0,0,0,0,1,6
4.0,1,5,0,42.638011210655684,1,7758.0,85.0,6,3,1040.0,169500,1,0,1,0,1,3
3.0,1,1,1,40.755367744629666,0,12137.0,48.0,0,3,1649.0,224900,0,0,0,0,0,5
3.0,4,4,0,44.62062303464621,1,11275.0,74.0,1,4,854.0,220000,1,0,1,0,1,5
3.0,1,2,0,38.49675310984031,1,9000.0,50.0,5,3,650.0,143000,1,1,1,0,1,3
2.0,2,3,1,41.737273509418415,0,6563.0,96.0,0,2,1742.0,275000,0,1,0,0,0,6
3.0,1,1,0,35.35533905932738,3,8248.0,45.0,1,1,686.0,116000,1,1,1,0,1,2
3.0,1,1,0,34.292856398964496,1,6240.0,52.0,2,4,816.0,114500,0,1,1,0,1,2
3.0,4,3,2,43.76071297408213,0,10041.0,80.0,0,2,908.0,220000,1,1,0,0,0,5
2.0,1,5,0,39.93745109543172,1,8400.0,60.0,0,4,940.0,140000,1,1,1,0,1,2
3.0,0,6,1,40.755367744629666,0,9600.0,80.0,2,4,992.0,165500,0,1,0,0,1,3
3.0,1,3,2,43.98863489584554,1,8004.0,75.0,0,2,832.0,263435,1,0,0,0,0,6
3.0,1,2,1,42.36744032862972,0,9742.0,75.0,0,2,1777.0,230000,0,0,0,0,0,5
4.0,1,1,2,43.9089968002003,0,8200.0,65.0,0,3,847.0,219500,1,1,0,0,1,5
3.0,1,6,0,34.044089061098404,1,11553.0,27.5,0,1,1051.0,158000,0,0,1,0,0,3
3.0,1,3,0,38.157568056677825,1,2280.0,27.5,0,4,855.0,146000,1,1,1,0,0,3
3.0,1,6,0,44.204072210600685,0,15660.0,111.5,5,3,798.0,311500,1,0,0,0,1,7
2.0,2,3,1,45.033320996790806,0,11443.0,88.0,0,2,1868.0,369900,0,0,0,0,1,9
2.0,0,2,2,52.561868307738074,0,15498.0,76.0,2,2,1565.0,287000,0,1,0,0,0,7
3.0,1,3,1,40.91454509095757,0,7500.0,75.0,0,3,814.0,216000,1,1,0,0,0,5
3.0,4,6,3,31.20897306865447,1,10712.0,63.0,0,1,974.0,93500,0,1,0,1,1,1
3.0,4,3,2,44.598206241955516,0,11367.0,90.0,0,2,1065.0,255000,1,0,0,0,0,6
3.0,1,6,1,45.79301256742124,0,11228.0,59.0,0,3,1080.0,228000,1,1,0,0,0,5
3.0,1,1,1,37.97367509209505,1,11851.0,99.0,0,3,1424.0,180500,0,1,0,0,0,4
2.0,1,6,0,33.61547262794322,1,10800.0,60.0,2,1,1120.0,120000,0,1,1,0,1,2
4.0,1,4,0,42.661458015403085,1,9120.0,60.0,2,3,1026.0,184000,1,1,0,0,1,4
3.0,1,1,0,46.03259714593562,1,10448.0,78.0,2,4,689.0,158000,1,0,0,0,0,3
4.0,1,1,2,50.75431016179808,2,12438.0,82.0,0,2,1234.0,361919,1,0,0,0,0,9
2.0,1,1,3,31.937438845342623,1,6342.0,54.0,3,1,780.0,94000,1,1,1,1,1,1
4.0,1,1,0,42.118879377305376,1,9600.0,60.0,7,5,1095.0,87000,1,1,1,0,1,1
1.0,2,6,3,30.066592756745816,3,10020.0,27.5,8,9,683.0,61000,0,1,1,1,1,0
3.0,1,3,0,37.17526059088221,0,2651.0,36.0,0,3,673.0,165000,1,1,0,0,0,3
4.0,4,1,0,52.561868307738074,2,17619.5,90.0,5,6,1107.0,475000,1,1,0,0,1,12
4.5,4,1,0,47.01063709417264,3,9900.0,90.0,6,4,1008.0,117500,1,1,0,0,1,2
3.0,1,1,2,39.64845520319802,1,10364.0,64.0,0,4,806.0,168000,1,1,0,0,1,3
2.0,2,3,0,42.708313008125245,0,17619.5,82.0,0,3,1643.0,302000,0,0,0,0,1,7
3.0,1,6,0,32.49615361854384,1,8450.0,65.0,2,1,1056.0,142000,0,1,0,0,0,2
4.0,1,6,0,34.942810419312295,1,9738.0,60.0,1,1,784.0,104900,1,1,1,0,1,1
3.0,1,2,1,36.90528417449187,1,10197.0,80.0,0,4,1362.0,163000,0,0,0,0,0,3
1.0,2,3,1,29.120439557122072,0,4426.0,73.0,0,4,848.0,141000,0,0,1,0,0,2
3.0,1,3,1,37.86819245752297,0,8529.0,65.0,0,3,1454.0,189000,0,1,0,0,0,4
2.0,1,3,1,34.75629439396553,0,6762.0,64.0,0,3,1208.0,195400,0,0,0,0,0,4
3.0,1,2,0,38.28837943815329,0,10800.0,60.0,3,1,796.0,170000,1,1,0,0,1,3
2.0,2,3,2,44.57577817604534,0,14303.0,91.0,0,2,1986.0,301500,0,0,0,0,0,7
3.0,2,3,1,49.17316341257699,0,10542.0,96.0,0,3,1311.0,341000,1,0,0,0,1,8
2.0,1,3,1,36.24913792078372,0,5063.0,34.0,0,3,1314.0,207500,0,0,0,0,1,4
3.0,1,1,0,41.340053217188775,0,2522.0,27.5,0,3,970.0,137500,1,0,0,0,0,2
3.0,1,2,3,34.899856733230294,1,1680.0,27.5,0,4,672.0,91500,1,0,1,1,0,1
4.5,1,5,3,52.561868307738074,3,10896.0,60.0,1,4,1440.0,200000,1,1,0,1,1,4
3.0,2,3,3,34.64101615137755,1,10800.0,60.0,0,1,1200.0,179000,0,1,1,1,1,4
2.0,1,6,2,30.199337741083,1,7535.0,70.0,1,1,912.0,120000,0,1,0,0,1,2
4.0,2,3,2,52.561868307738074,2,17619.5,104.0,2,6,1992.5,755000,1,0,0,0,1,19
3.0,1,3,1,41.352146256270665,0,8450.0,65.0,0,3,856.0,208500,1,0,0,0,0,4
4.0,1,1,2,48.72371086031933,2,11999.0,93.0,0,2,1181.0,285000,1,0,0,0,1,6
3.0,1,4,0,39.54743986657038,3,12000.0,75.0,1,3,704.0,174500,1,1,1,0,1,3
3.0,1,3,2,38.28837943815329,3,17619.5,111.5,6,1,1466.0,149900,0,0,0,0,0,3
3.0,1,4,1,37.1887079635741,1,11600.0,80.0,0,4,1383.0,145250,0,0,0,0,0,3
4.0,3,0,0,39.179076048319466,1,7018.0,64.0,0,1,82.5,118964,0,1,1,0,0,2
3.0,1,2,0,31.464265445104548,1,13568.0,43.0,0,1,990.0,156000,0,1,1,0,0,3
4.0,1,4,0,40.570925550201586,1,7128.0,53.0,0,3,918.0,164000,1,1,1,0,1,3
4.0,1,1,0,43.9089968002003,3,9142.0,69.0,3,4,1020.0,137000,1,1,0,0,1,2
3.0,1,3,1,41.53311931459037,1,11584.0,80.0,2,3,539.0,197000,1,0,0,0,0,4
4.0,1,3,2,52.561868307738074,0,10678.0,85.0,0,2,1683.0,285000,1,0,0,0,1,6
4.0,4,2,0,45.95650117230423,1,11075.0,85.0,0,4,952.0,206900,1,1,1,0,0,4
3.0,1,6,0,36.38681079732051,1,6000.0,50.0,2,5,672.0,128000,1,1,1,0,1,2
2.0,1,1,1,34.64101615137755,0,3180.0,30.0,0,3,600.0,144152,1,1,0,0,0,3
3.0,1,4,0,36.66060555964672,1,10690.0,59.0,1,1,672.0,147000,1,1,0,0,1,3
3.0,1,3,1,40.84115571332428,0,11317.0,72.0,0,3,840.0,180000,1,0,0,0,0,4
2.0,3,3,0,32.2490309931942,1,8544.0,60.0,6,7,82.5,93500,0,1,1,0,0,1
3.0,4,1,0,30.0,0,7200.0,60.0,1,1,900.0,134800,0,1,0,0,1,2
4.0,1,4,0,39.48417404479927,1,8100.0,90.0,2,1,1559.0,153500,0,1,0,0,1,3
3.0,1,2,0,30.789608636681304,1,10215.0,75.0,0,5,864.0,111000,0,0,1,0,0,2
2.0,1,6,1,30.380915061926625,1,8012.0,50.0,0,4,923.0,143000,0,1,1,0,0,3
3.0,0,3,1,39.395431207184416,0,10084.0,84.0,0,3,1552.0,212900,0,0,0,0,1,4
4.5,1,2,0,41.43669871020132,0,9550.0,60.0,0,3,756.0,140000,0,1,0,0,1,2
3.0,1,4,1,41.48493702538308,1,10335.0,78.0,2,1,1461.0,180000,0,1,0,0,1,4
2.0,1,6,0,31.416556144810016,1,1680.0,27.5,0,4,483.0,100000,1,0,1,0,0,1
3.0,1,2,1,34.64101615137755,0,11249.0,105.0,0,4,1200.0,177500,0,1,0,0,0,3
3.0,1,5,0,41.42463035441596,1,11409.0,60.0,6,1,768.0,131000,1,1,1,0,1,2
3.0,1,3,0,29.899832775452108,1,8450.0,65.0,3,1,894.0,138500,0,1,0,0,1,2
3.0,3,0,0,42.08325082500163,1,17619.5,100.0,6,1,82.5,115000,0,0,1,0,1,2
3.0,2,3,1,34.249087579087416,0,10625.0,85.0,2,3,1053.0,170000,0,0,0,0,0,3
3.0,1,2,2,35.874782229304195,0,9830.0,76.0,1,1,1063.0,162000,0,1,0,0,1,3
3.0,1,4,1,37.17526059088221,1,11235.0,75.0,0,5,1051.0,148000,0,0,0,0,1,3
4.0,1,3,1,50.19960159204453,0,9950.0,82.0,0,3,1203.0,290000,1,0,0,0,0,7
3.0,1,4,0,34.85685011586675,1,12400.0,66.0,1,4,1215.0,155000,0,0,1,0,1,3
4.0,1,3,1,50.25932749251625,0,10120.0,92.0,0,2,1165.0,290000,1,0,0,0,0,7
2.0,1,1,1,34.64101615137755,0,3182.0,30.0,0,3,600.0,151000,1,1,0,0,1,3
4.0,1,2,0,41.569219381653056,1,9297.0,63.0,0,1,1728.0,188000,0,1,1,0,0,4
3.0,1,1,0,41.352146256270665,1,10300.0,50.0,2,3,576.0,140000,1,1,0,0,1,2
3.0,1,3,2,48.908077042549934,0,9452.0,82.0,0,2,1396.0,348000,1,0,0,0,1,8
3.0,1,6,1,41.7612260356422,0,9453.0,73.0,1,3,996.0,194500,1,1,0,0,1,4
3.0,1,1,1,40.80441152620633,0,8125.0,65.0,2,3,813.0,205950,1,1,1,0,0,4
4.0,0,3,1,51.92301994298868,2,9965.0,77.0,0,3,1264.0,383970,1,0,0,0,0,9
3.0,1,2,0,29.393876913398138,1,9000.0,60.0,2,5,864.0,120500,0,1,1,0,0,2
2.0,1,4,0,25.92296279363144,1,9340.0,50.0,2,5,672.0,113000,0,1,0,0,1,2
3.0,0,5,0,36.3318042491699,1,11777.0,96.0,2,1,1164.0,164500,0,0,0,0,0,3
2.0,1,2,1,30.95157508108432,1,4928.0,50.0,0,4,1078.0,128000,0,1,0,0,0,2
3.0,4,1,1,41.352146256270665,0,12118.0,43.0,0,3,1710.0,240000,0,0,0,0,1,5
3.0,2,2,1,35.566838487557476,0,9350.0,85.0,3,1,1219.0,179900,0,1,0,0,1,4
2.0,2,1,2,38.157568056677825,0,3196.0,43.0,0,2,1273.0,215000,0,0,0,0,0,5
3.0,1,1,0,39.230090491866065,1,6120.0,51.0,2,1,927.0,141500,1,1,1,0,1,2
4.5,1,1,0,44.26059195266146,1,11070.0,82.0,0,3,1907.0,171000,0,0,1,0,1,3
4.0,1,1,3,39.01281840626232,1,6000.0,60.0,0,1,1008.0,102000,0,1,1,1,1,1
3.0,3,6,3,33.52610922848042,1,8335.0,77.0,0,1,82.5,93000,0,1,0,1,0,1
3.0,4,2,0,45.71651780264984,1,10382.0,70.0,2,3,1107.0,200000,1,0,0,0,0,4
2.0,1,2,0,34.84250278036869,1,9170.0,70.0,1,1,1214.0,140000,0,1,1,0,0,2
3.0,4,2,0,42.17819341792628,1,17619.5,102.0,6,1,1763.0,170000,0,1,0,0,1,3
3.0,0,3,2,40.36087214122113,0,14536.0,85.0,0,2,1616.0,270000,0,0,0,0,1,6
2.0,4,3,1,39.42080668885405,0,4590.0,34.0,0,2,1554.0,209500,0,0,0,0,0,4
4.0,1,1,2,47.286361670147556,0,13006.0,75.0,0,3,964.0,222000,1,0,1,0,0,5
2.0,1,1,0,28.21347195933177,1,3636.0,40.0,6,5,796.0,55000,0,1,1,1,1,0
3.0,1,1,0,40.98780306383839,1,15576.0,63.0,1,4,840.0,177000,1,1,1,0,1,3
1.0,0,3,2,29.120439557122072,0,4435.0,37.0,0,4,848.0,136500,0,0,1,0,0,2
3.0,1,2,2,33.793490497431605,1,4224.0,44.0,0,1,1142.0,134000,0,1,0,0,0,2
1.0,2,6,1,35.38361202590826,1,13500.0,60.0,1,4,1602.0,235000,0,1,1,0,1,5
2.0,1,3,1,41.036569057366385,2,8849.0,63.0,0,0,1684.0,266000,0,0,0,0,0,6
3.0,1,3,1,44.721359549995796,0,10386.0,80.0,0,2,1992.5,305900,0,0,1,0,1,7
3.0,0,1,1,40.19950248448356,0,8688.0,73.0,0,3,1616.0,232000,0,0,0,0,0,5
3.0,0,3,1,43.266615305567875,2,11885.0,68.0,0,2,1299.0,261500,1,0,0,0,0,6
3.0,1,1,0,39.698866482558415,1,6240.0,52.0,2,1,1042.0,149000,1,1,1,0,1,3
3.0,0,3,0,44.51965857910413,0,11287.0,82.0,2,3,807.0,228500,1,0,0,0,0,5
3.0,1,6,0,31.432467291003423,1,7200.0,60.0,1,1,876.0,119000,0,1,0,0,0,2
2.0,1,3,2,42.941821107167776,0,10994.0,88.0,0,2,1844.0,257000,0,0,0,0,1,6
3.0,1,2,0,35.4682957019364,0,11040.0,80.0,1,4,1258.0,145000,0,0,1,0,1,3
1.0,1,3,2,35.888716889852724,2,14963.0,38.0,0,2,1260.0,245500,0,1,0,0,0,5
3.0,1,1,1,40.422765862815474,0,11428.0,98.0,0,2,1626.0,250000,0,0,0,0,0,5
3.0,1,2,0,36.359317925395686,1,2308.0,27.5,0,4,855.0,147000,0,1,1,0,0,3
3.0,0,1,2,37.603191353926334,0,9056.0,74.0,0,2,707.0,178000,1,1,0,0,0,3
3.0,2,3,2,38.781438859330635,0,11883.0,73.0,0,3,1504.0,203000,0,0,0,0,0,4
3.0,1,1,1,40.8656334834051,0,14859.0,50.0,0,3,1670.0,240000,0,0,0,0,0,5
3.0,2,5,1,46.551047249229526,0,17542.0,60.0,1,3,1192.0,294000,1,1,0,0,1,7
2.0,1,2,1,32.69556544854363,1,4043.0,53.0,2,4,1069.0,140000,0,1,0,0,0,2
2.0,2,3,2,32.7414110874898,1,3675.0,35.0,0,4,547.0,140000,0,0,0,0,1,2
3.0,2,4,1,39.64845520319802,1,17619.5,50.0,6,1,1572.0,186700,0,0,0,0,0,4
3.0,1,5,0,43.23193264243457,1,8820.0,98.0,2,1,1088.0,124900,1,1,1,0,1,2
1.0,1,1,3,29.698484809834994,1,5500.0,55.0,2,5,882.0,103200,0,1,1,1,0,1
3.0,2,3,2,43.840620433565945,0,14157.0,86.0,0,0,1922.0,377426,0,0,0,0,1,9
2.0,0,2,0,27.92848008753788,1,7200.0,60.0,1,1,780.0,124900,0,1,1,0,0,2
3.0,1,1,1,40.01249804748511,1,13825.0,85.0,2,1,533.0,140000,1,1,0,0,1,2
2.0,0,2,2,39.11521443121589,0,16158.0,111.5,0,3,1530.0,260000,0,0,0,0,0,6
3.0,1,4,3,28.861739379323623,1,8780.0,68.0,0,1,833.0,112000,0,1,1,1,0,2
2.0,1,2,0,34.39476704383968,1,6000.0,50.0,1,7,649.0,120000,1,1,0,0,1,2
3.0,1,2,0,32.2490309931942,1,6897.0,55.0,3,1,1040.0,127000,0,1,0,0,1,2
4.0,2,3,1,52.561868307738074,0,9965.0,77.0,0,2,1466.0,424870,1,0,0,0,1,10
3.0,1,6,0,35.38361202590826,1,9600.0,80.0,0,4,1032.0,119000,1,1,1,0,0,2
3.0,1,5,1,35.298725189445584,0,7500.0,75.0,1,1,1246.0,154000,0,1,1,0,1,3
2.0,1,1,0,30.066592756745816,1,6000.0,50.0,1,4,884.0,119000,0,1,1,0,1,2
4.0,1,5,0,40.64480286580315,1,10800.0,60.0,2,1,686.0,139000,1,1,1,0,1,2
3.0,1,4,0,35.608987629529715,1,12144.0,60.0,1,1,832.0,133000,0,1,0,0,1,2
3.0,1,1,0,43.73785545725808,1,7558.0,57.0,2,4,896.0,177000,1,1,1,0,1,3
3.0,4,1,1,36.851051545376556,0,6371.0,44.0,0,3,1358.0,224000,0,0,0,0,1,5
3.0,1,5,0,40.70626487409524,1,12155.0,60.0,4,4,1657.0,163500,0,1,1,0,0,3
2.0,4,4,2,28.948229652260256,3,10267.0,55.0,1,4,816.0,130000,0,1,1,0,1,2
3.0,1,2,1,45.387222871640866,0,8755.0,60.0,0,3,992.0,214000,1,0,1,0,0,4
2.0,1,3,1,40.32369030731191,0,2448.0,36.0,0,3,764.0,154000,1,0,0,0,1,3
4.0,1,2,2,36.76955262170047,1,9364.0,80.0,1,4,663.0,158000,1,0,0,0,0,3
3.0,1,4,0,37.094473981982816,1,9492.0,79.0,0,1,768.0,105000,1,1,1,0,1,1
3.0,1,5,0,40.74309757492672,1,11988.0,74.0,1,4,715.0,188700,1,1,1,0,1,4
3.0,1,1,2,37.57658845611187,0,8499.0,73.0,0,4,616.0,156932,1,1,0,0,1,3
3.0,1,3,0,38.3275357934736,1,10320.0,60.0,1,4,756.0,135000,1,1,1,0,1,2
3.0,1,1,1,37.815340802378074,1,9967.0,76.0,0,3,384.0,170000,1,1,1,0,0,3
3.0,4,4,1,33.075670817082454,1,10452.0,85.0,0,4,1094.0,155000,0,0,1,0,0,3
3.0,2,3,1,42.731721238442994,0,11302.0,69.0,0,2,1814.0,319000,0,0,0,0,1,7
3.0,4,1,0,30.397368307141328,1,8064.0,60.0,1,1,672.0,122900,1,1,1,0,1,2
1.0,0,3,1,38.7556447501522,0,6820.0,88.0,0,2,1488.0,212000,0,1,0,0,0,4
4.0,2,3,1,41.08527716834828,0,12798.0,79.0,0,4,616.0,200000,1,1,0,0,0,4
2.0,1,3,1,35.52463933666322,0,7200.0,60.0,0,4,1262.0,185000,0,0,0,0,0,4
3.0,1,1,2,43.64630568559039,2,11670.0,84.0,0,0,1905.0,320000,0,0,0,0,0,7
3.0,0,2,2,45.066617356974994,0,11404.0,75.0,0,3,1153.0,222500,1,0,0,0,1,5
3.0,1,1,1,36.742346141747674,1,10140.0,78.0,0,4,1064.0,165000,0,0,1,0,0,3
3.0,1,3,1,42.76680956068619,0,9548.0,44.0,2,3,941.0,237000,1,0,0,0,0,5
3.0,1,6,0,31.064449134018133,1,7800.0,60.0,0,1,828.0,119900,0,1,1,0,0,2
2.0,1,6,0,30.397368307141328,3,12180.0,60.0,6,5,672.0,80000,1,1,1,0,1,1
3.0,1,1,2,47.57099956906519,0,9240.0,93.0,0,2,1055.0,287000,1,0,0,0,1,7
4.0,1,4,0,45.91296113299599,0,13728.0,111.5,1,4,1127.0,235000,1,1,1,0,1,5
3.0,1,2,0,35.24202037341219,1,9600.0,80.0,2,3,1242.0,175500,0,0,1,0,0,3
3.0,1,1,0,39.66106403010388,0,6120.0,51.0,1,5,884.0,133000,1,1,1,0,1,2
3.0,1,1,2,45.110974274559844,0,9505.0,75.0,0,3,884.0,222500,1,0,0,0,0,5
3.0,1,6,0,35.09985754956849,1,11120.0,111.5,2,4,1232.0,162500,0,1,1,0,0,3
4.0,1,1,1,44.31703961232068,1,10480.0,80.0,2,3,803.0,205000,1,0,0,0,0,4
3.0,1,1,3,33.76388603226827,1,8800.0,55.0,1,5,576.0,96500,1,1,0,1,1,1
3.0,1,6,1,29.899832775452108,0,9764.0,57.0,1,1,894.0,130000,0,1,1,0,1,2
4.0,4,6,0,51.51698748956503,0,11029.0,59.0,1,4,1054.0,250000,1,0,0,0,1,5
2.0,0,1,2,27.712812921102035,1,7200.0,60.0,3,1,768.0,133900,0,1,1,0,1,2
2.0,3,0,3,30.199337741083,1,6240.0,52.0,0,5,82.5,80500,0,1,1,1,1,1
4.5,0,4,0,45.60701700396552,3,11606.0,70.0,0,1,1040.0,135000,1,0,1,0,0,2
3.0,1,3,1,32.2490309931942,0,12464.0,82.0,0,1,1040.0,152000,0,1,1,0,0,3
3.0,4,5,0,40.19950248448356,0,5400.0,40.0,1,4,1149.0,152000,1,1,1,0,1,3
2.0,1,1,0,32.357379374726875,1,10800.0,60.0,1,5,641.0,100000,0,1,1,0,1,1
3.0,1,4,1,42.46174749112429,1,13125.0,88.0,6,1,1134.0,155000,0,0,1,0,1,3
2.0,1,1,0,28.844410203711913,0,7227.0,59.0,2,4,832.0,105500,0,1,1,0,0,1
3.0,1,4,1,29.899832775452108,1,7094.0,99.0,0,1,894.0,125000,0,1,1,0,0,2
3.0,4,1,0,34.52535300326414,1,6402.0,60.0,0,1,596.0,78000,1,1,1,0,1,1
3.0,2,3,2,43.01162633521314,0,16033.0,98.0,0,0,1833.0,326000,0,0,0,0,1,8
3.0,1,2,2,29.9833287011299,0,7800.0,65.0,1,1,864.0,130000,0,0,1,0,1,2
3.0,1,4,1,29.866369046136157,1,9477.0,57.0,0,1,864.0,110000,0,0,1,0,0,2
4.0,4,4,0,47.86439177509728,1,7200.0,60.0,2,4,1214.0,133900,1,1,1,0,1,2
2.0,1,1,0,46.238512086787566,1,8100.0,90.0,0,1,849.0,106000,1,1,0,0,1,1
3.0,1,1,2,40.049968789001575,1,10839.0,100.0,0,4,926.0,181000,1,1,0,0,1,4
3.0,1,1,1,44.955533585978046,0,17619.5,111.5,0,3,868.0,274725,1,1,0,0,0,6
3.0,0,5,0,30.62678566222711,1,9200.0,80.0,2,1,938.0,130250,0,1,1,0,1,2
3.0,1,1,0,37.76241517699841,0,7642.0,55.0,3,3,912.0,189950,1,1,0,0,1,4
4.0,1,4,1,43.81780460041329,1,11345.0,95.0,0,1,928.0,137000,1,0,1,0,1,2
3.0,1,2,0,33.13608305156178,1,7390.0,80.0,1,1,1098.0,135000,0,0,1,0,0,2
2.0,1,1,0,27.0,1,4130.0,56.0,2,7,270.0,52000,0,1,1,1,1,0
3.0,1,1,0,35.38361202590826,0,10721.0,80.0,2,4,1252.0,142000,0,0,0,0,0,2
4.0,1,1,0,39.7994974842648,1,8944.0,65.0,0,1,1584.0,124000,0,1,0,0,0,2
2.0,1,1,1,38.80721582386451,2,14587.0,75.0,0,0,1498.0,264132,0,0,0,0,0,6
2.0,0,3,2,41.340053217188775,0,5119.0,50.0,0,0,1698.0,328900,0,0,0,0,1,8
2.0,1,4,2,33.04542328371661,1,14850.0,69.0,0,1,1092.0,141000,0,1,1,0,0,2
3.0,2,3,2,41.78516483155236,2,14892.0,42.0,0,0,1746.0,377500,0,0,0,0,1,9
4.0,1,6,2,47.82258880487337,1,15593.0,81.0,6,3,1304.0,225000,1,1,0,0,0,5
2.0,1,1,0,28.089143810376278,1,10594.0,55.0,0,1,768.0,96500,0,1,1,0,1,1
3.0,1,2,1,32.264531609803356,1,9600.0,80.0,2,1,1041.0,124500,0,0,0,0,0,2
4.0,1,1,2,43.68065933568311,0,14191.0,85.0,0,2,967.0,202900,1,1,1,0,0,4
4.0,1,1,1,47.61302342846965,0,8068.0,95.0,0,4,1010.0,200000,1,1,0,0,0,4
2.0,1,6,0,29.58039891549808,1,6120.0,51.0,1,1,715.0,105000,0,1,1,0,1,1
4.0,0,4,0,39.06404996924922,1,8562.0,68.0,2,1,1216.0,144500,0,0,0,0,1,3
2.0,2,2,1,39.585350825778974,0,9819.0,65.0,0,4,1567.0,196000,0,1,0,0,0,4
3.0,2,1,1,52.561868307738074,2,13891.0,107.0,0,0,1734.0,582933,1,0,0,0,1,15
3.0,1,4,0,37.12142238654117,0,9600.0,60.0,5,3,689.0,161000,1,1,1,0,1,3
4.0,1,1,0,41.689327171351664,1,12513.0,64.0,6,5,715.0,104900,1,1,1,0,1,1
4.0,1,3,1,45.387222871640866,1,10029.0,97.0,0,4,1151.0,211000,1,0,0,0,1,4
2.0,1,5,0,33.58571124749333,1,9000.0,75.0,0,1,936.0,118000,0,1,1,0,0,2
3.0,1,1,2,41.47288270665544,0,8244.0,62.0,0,3,840.0,183500,1,1,0,0,0,4
2.0,1,4,0,32.4037034920393,1,9600.0,80.0,2,1,1050.0,128900,0,1,1,0,0,2
3.0,1,3,0,33.37663853655727,0,13695.0,66.0,0,4,1114.0,155000,0,1,0,0,1,3
3.0,1,4,1,32.449961479175904,2,8973.0,69.0,1,1,1008.0,150000,0,0,0,0,1,3
0.5,0,3,2,39.91240408695021,2,4923.0,41.0,0,2,1593.0,286000,0,1,0,0,1,6
3.0,1,6,1,34.84250278036869,1,10355.0,34.0,0,1,1214.0,143000,0,0,0,0,0,3
3.0,1,2,0,28.5657137141714,0,6600.0,60.0,5,1,816.0,130500,0,1,1,0,1,2
4.0,3,0,0,39.179076048319466,1,7018.0,64.0,0,1,82.5,118858,0,1,1,0,0,2
3.0,1,1,0,52.561868307738074,0,17619.5,111.5,6,2,1360.0,235000,1,1,0,0,1,5
3.0,0,1,1,43.80639222761902,0,15611.0,111.5,0,2,1079.0,233230,1,1,0,0,0,5
3.0,1,1,0,33.12099032335839,1,10859.0,111.5,0,1,1097.0,145000,0,1,0,0,1,3
4.0,4,2,0,41.83300132670378,1,12508.0,75.0,1,4,983.0,160000,1,1,1,0,1,3
2.0,1,1,0,31.416556144810016,1,1680.0,27.5,0,4,483.0,94500,1,0,1,0,0,1
3.0,1,2,0,31.32091952673165,1,10530.0,70.0,0,4,981.0,143250,0,1,0,0,0,3
4.0,1,4,1,41.23105625617661,0,10552.0,70.0,0,1,1398.0,165500,0,1,0,0,0,3
2.0,1,3,0,28.5657137141714,1,7100.0,73.0,1,1,816.0,129900,0,1,1,0,0,2
3.0,1,3,1,42.89522117905443,0,12420.0,79.0,0,3,944.0,230000,1,1,0,0,0,5
4.5,1,2,0,50.20956084253277,1,3964.0,42.0,6,4,942.0,151400,1,1,0,0,0,3
3.0,1,6,0,31.654383582688826,1,8750.0,74.0,2,1,1002.0,148500,0,0,1,0,0,3
2.0,1,1,0,29.0,1,8400.0,60.0,6,5,721.0,82000,0,1,1,0,0,1
2.0,0,3,0,31.559467676119,0,9069.0,73.0,2,4,936.0,147000,0,1,1,0,0,3
3.0,0,3,2,41.38840417314975,2,9591.0,76.0,0,2,1713.0,274900,0,0,0,0,1,6
3.0,4,3,0,37.57658845611187,0,11457.0,111.5,0,4,1392.0,175000,0,1,1,0,0,3
2.0,1,3,0,35.156791662493895,1,7407.0,90.0,1,4,912.0,149700,0,1,0,0,1,3
3.0,2,2,0,32.2490309931942,1,17619.5,94.0,0,5,1064.0,132250,0,1,1,0,0,2
2.0,1,3,1,40.19950248448356,0,5389.0,39.0,0,2,1595.0,236500,0,1,0,0,1,5
3.0,1,2,0,37.603191353926334,1,11029.0,87.0,3,4,1184.0,176500,0,1,0,0,1,3
3.0,1,3,1,44.15880433163923,0,7399.0,66.0,0,3,975.0,239000,1,0,0,0,1,5
3.0,1,2,0,32.95451410656816,1,10200.0,85.0,1,1,1086.0,144900,0,0,1,0,1,3
3.0,2,3,1,39.698866482558415,0,17619.5,111.5,2,1,1324.0,223500,1,1,0,0,1,5
2.0,0,2,0,27.712812921102035,1,7244.0,54.0,1,1,768.0,129500,0,1,1,0,0,2
3.0,1,2,0,37.16180835212409,0,9360.0,78.0,1,4,1161.0,197500,0,1,1,0,1,4
3.0,1,5,1,46.57252408878007,0,9375.0,78.0,0,2,1284.0,228500,1,0,0,0,0,5
2.0,3,0,0,26.832815729997478,1,6627.0,60.0,2,7,82.5,72500,0,1,1,0,1,1
2.0,1,5,0,52.561868307738074,1,10440.0,60.0,1,4,1510.0,256000,1,1,0,0,1,6
2.0,1,1,0,30.59411708155671,1,6000.0,60.0,6,5,936.0,93000,0,1,0,0,0,1
3.0,0,6,1,34.36568055487916,1,10012.0,90.0,0,5,1138.0,137500,0,1,1,0,0,2
3.0,0,1,1,41.09744517606904,0,9849.0,83.0,2,3,1689.0,248328,0,1,0,0,0,5
3.0,1,4,0,30.789608636681304,1,8190.0,60.0,2,5,948.0,119000,0,1,0,0,0,2
2.0,1,3,0,38.88444419044716,0,2117.0,85.0,0,4,756.0,168500,1,0,0,0,0,3
3.0,1,6,1,29.899832775452108,1,8724.0,109.0,0,1,894.0,129000,0,1,1,0,0,2
3.0,1,3,1,43.034869582700026,0,8640.0,72.0,0,3,900.0,252678,1,1,0,0,0,6
3.0,3,0,0,29.068883707497267,1,11500.0,70.0,4,5,82.5,84000,0,1,1,0,0,1
3.0,1,4,3,27.820855486487112,0,4270.0,70.0,2,7,544.0,79000,0,1,1,1,1,1
4.0,0,1,2,52.561868307738074,0,14720.0,56.0,0,2,1992.5,410000,1,0,0,0,1,10
2.0,0,3,1,35.09985754956849,0,7314.0,64.0,0,3,1232.0,194500,0,0,1,0,0,4
3.0,1,1,0,34.11744421846396,1,9600.0,80.0,0,3,1164.0,140000,0,0,1,0,0,2
2.0,1,5,0,35.32704346531139,1,9439.0,52.0,0,1,912.0,87000,1,1,1,0,1,1
3.0,0,6,1,41.0731055558257,1,17619.5,62.0,0,1,747.0,160000,0,1,1,0,1,3
4.0,1,3,2,44.27188724235731,0,7851.0,84.0,0,4,860.0,216500,1,1,0,0,0,5
3.0,1,6,1,33.04542328371661,1,2217.0,27.5,6,5,546.0,88000,0,1,1,0,0,1
3.0,1,1,0,29.899832775452108,1,9450.0,68.0,0,5,894.0,110000,0,1,1,0,0,2
3.0,0,3,1,38.45776904605882,0,10665.0,72.0,0,3,1453.0,226000,0,0,0,0,0,5
3.0,4,4,0,32.55764119219941,0,8246.0,76.0,3,1,1060.0,154000,0,1,0,0,1,3
3.0,4,3,1,37.89459064299283,0,8450.0,65.0,0,3,1436.0,210000,0,0,0,0,0,4
2.0,0,1,0,32.31098884280702,3,8712.0,66.0,0,1,540.0,55993,0,1,1,0,0,0
2.0,4,2,0,42.04759208325728,1,10800.0,60.0,1,3,880.0,163000,1,1,0,0,1,3
2.0,0,1,0,28.5657137141714,1,5890.0,63.0,3,4,816.0,120500,0,1,1,0,1,2
3.0,1,3,2,37.815340802378074,1,7750.0,69.0,0,3,384.0,180000,1,1,1,0,0,4
2.0,1,5,2,43.2087954009366,1,10708.0,43.0,0,1,1617.0,190000,0,1,1,0,1,4
3.0,0,3,2,38.72983346207417,0,4045.0,53.0,0,3,1356.0,246578,0,0,0,0,0,5
3.0,1,2,1,33.166247903554,1,12493.0,73.0,0,5,1100.0,141000,0,1,1,0,0,2
2.0,2,2,0,28.5657137141714,1,8314.0,76.0,1,1,816.0,124500,0,1,1,0,0,2
2.0,2,6,0,36.4417343165772,1,16905.0,111.5,2,1,1350.0,170000,0,1,0,0,0,3
3.0,2,3,1,47.916594202843754,2,13478.0,97.0,0,6,1722.0,451950,1,0,0,0,0,11
2.0,1,4,0,29.393876913398138,1,8172.0,60.0,1,1,864.0,115000,0,1,1,0,1,2
3.0,1,1,0,35.58089374931439,0,7500.0,62.0,0,3,1257.0,176000,0,1,0,0,0,3
3.0,1,6,3,29.29163703175362,1,8125.0,79.0,6,5,858.0,88000,0,1,1,1,0,1
3.0,1,3,1,41.352146256270665,0,9291.0,76.0,0,4,832.0,187000,1,0,0,0,0,4
3.0,1,1,0,33.51119216023208,1,6060.0,50.0,0,5,732.0,100000,1,1,1,0,1,1
3.0,1,1,1,40.58324777540605,1,7917.0,62.0,0,4,953.0,175000,1,1,0,0,1,3
3.0,1,6,1,29.563490998188964,1,9858.0,62.0,2,1,864.0,130000,0,1,1,0,0,2
3.0,0,1,1,42.28474902373195,2,11838.0,96.0,0,2,1753.0,236500,0,1,0,0,0,5
3.0,1,3,2,42.883563284783136,0,14442.0,110.0,1,4,1477.0,257500,0,0,0,0,1,6
4.0,1,2,0,43.22036556994862,0,10304.0,79.0,1,1,780.0,197500,1,0,0,0,0,4
4.0,1,5,2,41.376321731154405,1,8393.0,70.0,0,1,1626.0,145000,0,0,0,0,1,3
2.0,1,2,2,35.05709628591621,1,1571.5,27.5,2,4,561.0,124000,1,1,1,0,0,2
3.0,1,1,1,40.0,0,14230.0,110.0,0,2,1566.0,256300,0,0,0,0,0,6
3.0,0,1,2,40.0,1,8773.0,57.0,0,4,916.0,169000,1,1,0,0,0,3
3.0,1,1,0,36.66060555964672,1,6240.0,50.0,6,1,896.0,115000,1,1,0,0,1,2
3.0,0,2,1,33.555923471125034,2,15611.0,70.0,2,1,1126.0,175000,0,1,1,0,0,3
3.0,1,2,0,30.380915061926625,1,6951.0,37.0,0,1,876.0,119500,0,1,1,0,1,2
2.0,1,5,0,24.819347291981714,1,6000.0,50.0,1,1,616.0,89000,0,1,1,0,1,1
4.5,1,1,3,42.42640687119285,1,8000.0,80.0,6,1,1800.0,141000,0,1,1,1,0,2
2.0,1,2,1,38.79432948254165,1,12160.0,111.5,6,4,1505.0,149500,0,0,1,0,0,3
3.0,4,2,2,40.58324777540605,0,12984.0,80.0,2,1,1430.0,217500,0,0,1,0,0,5
2.0,1,3,2,33.645207682521445,0,7024.0,60.0,0,5,1132.0,176000,0,1,0,0,0,3
3.0,1,3,1,42.0,0,15426.0,65.0,0,4,928.0,231500,1,1,0,0,0,5
4.0,3,0,0,39.102429592034305,1,8405.0,50.0,4,5,82.5,98000,1,1,1,0,1,1
4.0,1,1,0,49.467160824126545,0,9638.0,50.0,1,4,804.0,169000,1,1,1,0,1,3
1.0,1,3,2,38.781438859330635,0,3182.0,43.0,0,3,1346.0,181000,0,0,1,0,1,4
3.0,1,2,0,34.10278580995987,1,5820.0,49.0,3,7,1162.0,126175,0,1,0,0,1,2
3.0,1,3,0,39.05124837953327,0,2117.0,74.0,0,4,756.0,177000,1,0,1,0,0,3
3.0,1,6,0,30.577769702841312,1,13526.0,68.0,2,1,935.0,137000,0,0,1,0,0,2
2.0,1,1,0,28.513154858766505,0,5684.0,70.0,3,4,813.0,110000,0,1,0,0,1,2
3.0,1,3,0,44.81071300481616,2,7800.0,78.0,3,1,896.0,225000,1,1,1,0,1,5
4.0,1,3,0,48.25971404805462,0,11839.0,86.0,0,3,1475.0,262280,1,0,0,0,0,6
4.0,1,6,0,39.4715087119811,1,13710.0,75.0,0,1,910.0,152000,1,1,1,0,0,3
4.0,1,3,1,40.792156108742276,1,10140.0,78.0,0,3,832.0,162900,1,1,0,0,0,3
3.0,1,2,2,45.93473631142341,2,11160.0,93.0,0,3,1992.5,244000,0,1,1,0,0,5
3.0,1,3,1,42.261093218230876,0,9337.0,69.0,0,4,824.0,204750,1,1,0,0,0,4
4.0,1,2,1,38.40572873934304,1,2665.0,41.0,2,1,757.0,127000,1,1,0,0,0,2
3.0,1,1,0,37.242448899072144,0,6000.0,50.0,6,1,811.0,93000,1,1,1,0,0,1
3.0,1,1,1,41.32795663954365,0,3363.0,32.0,0,3,976.0,130000,1,0,0,0,0,2
3.0,1,4,0,41.641325627314025,0,9786.0,77.0,1,4,912.0,159000,1,1,1,0,1,3
3.0,1,6,0,49.13247398615299,1,10800.0,60.0,6,1,954.0,160000,1,1,1,0,1,3
4.0,1,3,0,43.68065933568311,0,8750.0,70.0,0,3,915.0,210000,1,1,0,0,1,4
3.0,1,4,0,35.81898937714463,1,7763.0,70.0,1,1,931.0,140000,0,1,1,0,1,2
3.0,1,1,1,34.813790371058424,0,9100.0,70.0,0,3,1212.0,178000,0,1,1,0,0,3
1.0,1,1,0,39.344631145812,2,7264.0,55.0,1,3,952.0,205000,1,1,1,0,1,4
3.0,0,6,2,31.304951684997057,1,9750.0,75.0,0,1,980.0,135500,0,1,1,0,0,2
2.0,1,2,2,42.555845661906424,2,14115.0,90.0,1,4,1073.0,230000,0,1,1,0,1,5
4.0,1,4,0,32.49615361854384,1,8900.0,111.5,6,5,1056.0,107000,0,1,0,0,0,2
3.0,0,1,1,35.12833614050059,0,11049.0,85.0,0,2,1234.0,179900,0,1,0,0,0,4
3.0,1,1,0,36.08323710533743,1,2016.0,27.5,0,1,630.0,106000,1,0,1,0,0,1
3.0,1,1,3,37.49666651850535,3,7920.0,75.0,1,4,319.0,89500,1,1,0,1,1,1
2.0,0,3,0,29.29163703175362,1,7252.0,111.5,0,1,858.0,134900,0,1,1,0,0,2
4.0,1,3,2,48.2078831727758,2,11924.0,85.0,0,0,1175.0,345000,1,0,0,0,1,8
3.0,0,1,0,30.166206257996713,0,8892.0,74.0,1,1,105.0,116000,0,1,1,0,1,2
4.0,2,3,1,40.13726448077895,1,9760.0,80.0,2,4,780.0,167900,1,0,0,0,0,3
3.0,0,1,2,39.496835316262995,0,11911.0,111.5,0,4,684.0,174000,1,1,0,0,0,3
4.0,3,0,0,44.94441010848846,1,8400.0,60.0,0,1,82.5,144000,0,0,1,0,0,3
2.0,4,3,2,36.578682316343766,0,4920.0,41.0,0,2,1338.0,213500,0,1,1,0,0,4
3.0,1,1,0,34.46737587922817,1,17619.5,70.0,1,1,1188.0,157900,0,0,0,0,0,3
3.0,1,1,1,38.19685850956856,0,8749.0,70.0,0,3,1459.0,192000,0,0,0,0,0,4
3.0,2,3,1,47.53945729601885,0,14000.0,80.0,0,3,1306.0,328000,1,1,0,0,1,8
3.0,1,1,1,37.815340802378074,0,16285.0,67.0,0,3,1413.0,187100,0,1,0,0,1,4
3.0,1,6,3,31.559467676119,1,13907.0,63.0,2,1,996.0,108000,0,1,1,1,1,2
3.0,1,4,1,33.04542328371661,1,8250.0,75.0,1,4,1092.0,145000,0,0,1,0,0,3
2.0,1,1,2,35.35533905932738,0,4017.0,35.0,0,3,625.0,171900,1,1,0,0,1,3
3.0,1,1,1,41.569219381653056,0,9313.0,65.0,0,3,864.0,190000,1,1,0,0,0,4
3.0,1,1,0,30.397368307141328,1,7990.0,88.0,2,1,924.0,110000,0,1,1,0,0,2
2.0,1,3,1,34.62657938636157,0,7892.0,55.0,0,4,1199.0,153900,0,1,0,0,0,3
3.0,1,1,0,30.789608636681304,1,8978.0,85.0,0,1,948.0,108000,0,1,1,0,0,2
2.0,1,6,0,30.4138126514911,1,9100.0,70.0,2,1,925.0,117500,0,1,1,0,0,2
2.0,1,2,0,28.89636655359978,1,10625.0,85.0,0,1,458.0,83000,0,1,1,0,1,1
4.0,1,1,1,49.658836071740545,0,11143.0,102.0,0,2,1580.0,340000,1,1,0,0,1,8
4.0,1,4,0,46.44351407893249,0,14200.0,88.0,2,3,924.0,226000,1,0,0,0,0,5
3.0,1,3,0,32.55764119219941,1,4224.0,44.0,1,1,1040.0,129900,0,1,0,0,0,2
2.0,2,3,1,51.31276644267,2,11400.0,70.0,0,6,1992.5,466500,0,0,0,0,1,11
2.0,1,1,0,32.37282811247729,1,6380.0,58.0,2,1,993.0,113000,0,1,1,0,1,2
3.0,1,1,1,40.792156108742276,1,8121.0,80.0,0,4,953.0,172400,1,1,0,0,0,3
2.0,1,1,0,28.0,1,9000.0,60.0,4,4,784.0,76000,0,1,1,0,1,1
3.0,1,2,0,35.76310948449533,1,10125.0,75.0,2,4,1196.0,171500,0,1,0,0,0,3
3.0,1,2,1,35.05709628591621,1,17140.0,80.0,2,5,1134.0,135000,0,1,1,0,0,2
2.0,1,5,2,35.608987629529715,1,7800.0,78.0,2,1,1268.0,132000,0,0,0,0,0,2
3.0,1,1,2,37.78888725538237,0,11639.0,95.0,0,3,1428.0,182000,0,1,0,0,1,4
2.0,0,2,0,33.54101966249684,1,7200.0,72.0,2,4,1041.0,125000,0,0,1,0,0,2
2.0,1,6,0,31.74901573277509,1,11425.0,103.0,2,1,1008.0,137000,0,1,1,0,0,2
3.0,2,1,1,40.3732584763727,2,10226.0,61.0,0,2,1622.0,295493,0,0,0,0,0,7
3.0,1,4,1,41.569219381653056,0,8791.0,64.0,0,4,864.0,207500,1,1,0,0,0,4
3.0,1,6,1,34.79942528261063,1,8250.0,55.0,0,1,952.0,134000,0,1,0,0,0,2
4.0,1,5,1,32.2490309931942,1,7560.0,70.0,0,1,1040.0,133700,0,1,1,0,0,2
2.0,1,1,1,41.31585652022719,1,16669.0,90.0,2,2,1686.0,228000,0,0,0,0,0,5
3.0,1,1,2,40.39801975344831,1,9084.0,63.0,0,3,935.0,176500,0,1,0,0,0,3
3.0,1,3,0,37.30951621235526,1,11341.0,36.0,2,1,1392.0,121500,0,0,1,0,1,2
3.0,1,6,0,36.318039594669756,1,10634.0,79.0,2,1,608.0,123000,0,1,1,0,0,2
3.0,1,1,2,38.52272056851645,0,12589.0,111.5,0,4,742.0,174000,1,1,0,0,0,3
3.0,2,2,0,31.160872901765767,1,9920.0,69.0,2,1,971.0,128500,0,1,1,0,0,2
3.0,0,2,1,32.58834147360065,1,11333.0,111.5,0,4,1029.0,146800,0,1,1,0,0,3
4.0,2,6,3,31.304951684997057,1,9400.0,35.0,0,4,945.0,127500,0,0,1,1,0,2
2.0,1,1,1,37.48332962798263,0,3136.0,79.0,0,3,1405.0,171750,0,0,0,0,0,3
3.0,1,3,2,40.87786687193939,1,10852.0,58.0,0,4,959.0,173000,1,1,0,0,0,3
3.0,1,2,1,32.77193921634788,1,10140.0,78.0,2,1,1056.0,153500,0,1,0,0,0,3
2.0,3,0,0,48.16637831516918,1,14762.0,43.0,2,1,82.5,169000,1,1,0,0,1,3
2.0,1,1,0,30.298514815086232,1,7892.0,55.0,0,4,918.0,99500,0,1,1,0,0,1
3.0,2,2,1,37.907782842049734,0,10768.0,90.0,3,1,1437.0,218000,0,1,0,0,1,5
2.0,1,2,1,32.69556544854363,1,4043.0,53.0,0,4,1069.0,127500,0,1,0,0,0,2
4.0,1,4,0,39.44616584663204,1,11700.0,78.0,2,4,727.0,154000,1,1,1,0,0,3
4.0,1,3,1,43.520110293977886,0,11316.0,80.0,0,3,817.0,214900,1,0,0,0,1,4
3.0,0,1,2,44.41846462902562,0,14226.0,110.0,0,2,1935.0,395000,0,0,0,0,0,10
4.5,1,1,2,52.561868307738074,0,11275.0,96.0,1,3,710.0,242000,1,0,1,0,1,5
1.0,0,3,1,29.120439557122072,0,4438.0,54.0,0,4,848.0,149000,0,0,1,0,0,3
3.0,1,1,2,38.39270764090493,1,8530.0,52.0,0,3,384.0,168500,1,0,0,0,1,3
3.0,1,6,0,32.49615361854384,1,9250.0,80.0,1,1,1056.0,139400,0,1,1,0,1,2
2.0,0,6,0,30.033314835362415,1,8885.0,75.0,0,1,864.0,131000,0,1,1,0,0,2
3.0,0,2,0,32.12475680841802,1,10395.0,63.0,2,4,1032.0,148000,0,0,1,0,0,3
2.0,1,1,0,32.817678162843876,1,8967.0,60.0,7,1,961.0,67000,0,1,1,0,1,0
2.0,1,4,0,35.14256678161116,1,8500.0,85.0,4,1,1235.0,98600,0,0,1,0,0,1
3.0,4,3,2,37.97367509209505,0,10357.0,111.5,0,3,910.0,179900,0,1,0,0,1,4
2.0,1,2,0,31.416556144810016,1,1680.0,27.5,0,4,483.0,85400,1,0,1,0,0,1
2.0,2,3,0,31.68595903550972,1,10530.0,78.0,0,4,975.0,135000,0,0,1,0,0,2
3.0,1,3,3,31.71750305430741,1,9000.0,55.0,4,1,1006.0,80000,0,1,0,1,0,1
4.5,1,2,3,41.42463035441596,3,5687.0,55.0,2,1,780.0,135900,1,1,0,1,1,2
3.0,1,1,1,41.47288270665544,0,11645.0,89.0,0,3,860.0,196500,0,1,0,0,0,4
2.0,1,2,0,30.983866769659336,3,6000.0,50.0,6,5,960.0,108500,0,1,1,0,1,2
3.0,1,3,1,40.049968789001575,0,8814.0,68.0,0,3,1604.0,220000,0,0,0,0,0,5
4.0,2,2,0,47.085029467974216,0,15865.0,95.0,2,2,1992.5,268000,0,1,0,0,0,6
3.0,0,4,1,42.941821107167776,0,16381.0,110.0,0,4,1844.0,223000,0,0,0,0,0,5
3.0,1,1,1,39.63584236521283,1,7837.0,59.0,1,4,799.0,178000,1,1,0,0,1,3
3.0,1,1,1,38.45776904605882,0,9382.0,93.0,0,3,1468.0,191000,0,0,0,0,1,4
3.0,2,1,2,42.261093218230876,1,17619.5,60.0,2,1,1499.0,228950,1,1,1,0,0,5
3.0,1,4,1,40.39801975344831,1,9600.0,80.0,2,4,1240.0,139000,0,0,1,0,1,2
3.0,0,3,1,42.04759208325728,0,10769.0,68.0,0,2,866.0,212000,1,1,0,0,0,4
3.0,4,6,2,33.1058907144937,1,15870.0,60.0,0,1,1096.0,138800,0,1,0,0,0,2
3.0,1,1,2,45.749316934791494,1,17619.5,46.0,2,3,791.0,215000,1,0,0,0,1,5
3.0,1,6,1,36.71511950137164,1,7590.0,69.0,0,4,660.0,155000,1,0,0,0,0,3
3.0,0,3,2,38.157568056677825,0,8199.0,63.0,0,3,728.0,189000,1,1,0,0,0,4
2.0,2,6,1,40.0,1,16321.0,47.0,2,1,1484.0,207500,0,1,0,0,1,4
3.0,0,3,1,41.23105625617661,0,9135.0,70.0,0,4,1682.0,200000,0,0,0,0,0,4
3.0,1,1,1,39.91240408695021,1,9636.0,34.0,0,4,808.0,178000,1,1,0,0,1,3
2.0,1,6,0,36.91882988394946,1,14559.0,75.0,1,1,1008.0,164900,0,0,0,0,1,3
3.0,1,2,0,37.960505792204614,1,2289.0,27.5,2,4,855.0,148500,1,1,1,0,0,3
2.0,2,6,1,41.352146256270665,0,13891.0,107.0,0,2,1710.0,372402,0,0,0,0,1,9
3.0,1,3,1,45.93473631142341,0,8880.0,34.0,0,3,948.0,205000,1,1,0,0,1,4
3.0,1,3,1,38.45776904605882,0,13517.0,60.0,3,4,725.0,130500,1,0,0,0,1,2
1.0,0,3,2,27.694764848252458,1,4058.0,34.0,0,3,723.0,133000,0,0,0,0,0,2
3.0,0,3,1,38.67815921162743,0,17104.0,58.0,0,3,654.0,179665,0,1,0,0,0,4
1.0,0,3,2,39.585350825778974,2,3982.0,53.0,0,2,1520.0,264561,0,1,1,0,0,6
2.0,4,5,0,33.88214869219483,1,6420.0,57.0,1,1,980.0,123500,0,1,1,0,0,2
3.0,4,1,2,44.384682042344295,2,11065.0,86.0,0,2,1085.0,281000,1,0,0,0,0,6
4.0,1,3,1,52.561868307738074,0,9572.0,63.0,0,2,1453.0,302000,1,0,1,0,0,7
4.0,1,3,1,51.28352561983234,0,9200.0,80.0,0,2,1470.0,315000,0,0,0,0,0,7
4.5,1,4,1,47.686476070265456,1,11600.0,80.0,0,1,1105.0,154300,1,0,1,0,0,3
3.0,1,2,1,35.510561809129406,1,9120.0,76.0,2,4,1261.0,163000,0,1,1,0,0,3
3.0,1,6,2,38.54867053479276,1,9937.0,75.0,1,1,1486.0,167000,0,1,1,0,1,3
2.0,1,4,0,27.80287754891569,1,7677.0,57.0,0,1,773.0,110000,0,1,1,0,0,2
3.0,1,3,1,39.20459156782532,0,8400.0,80.0,5,4,1319.0,174000,0,0,0,0,1,3
3.0,0,1,1,42.17819341792628,0,10400.0,80.0,0,3,866.0,197900,1,1,0,0,0,4
3.0,1,2,3,35.0,1,9320.0,77.0,0,5,950.0,128950,0,1,1,1,0,2
1.0,0,3,2,29.120439557122072,0,4435.0,36.0,0,4,848.0,131500,0,0,1,0,0,2
3.0,1,1,0,37.094473981982816,1,8600.0,50.0,2,4,780.0,119500,1,1,1,0,1,2
3.0,1,3,0,38.353617821530214,1,3230.0,34.0,0,4,729.0,172500,1,0,0,0,0,3
2.0,1,1,3,29.478805945967352,3,5900.0,51.0,1,5,440.0,85500,0,1,1,1,1,1
2.0,1,3,0,38.18376618407357,1,3230.0,34.0,0,4,729.0,176000,1,0,0,0,0,3
3.0,1,2,0,29.899832775452108,1,13350.0,100.0,0,1,864.0,142500,0,1,1,0,0,2
3.0,1,1,2,41.44876355212541,1,10141.0,74.0,0,3,832.0,185000,1,0,0,0,0,4
3.0,2,2,2,41.24318125460256,1,16647.0,61.0,0,1,1390.0,171000,0,1,1,0,1,3
3.0,1,6,0,29.393876913398138,1,12735.0,70.0,0,5,864.0,111250,0,1,1,0,0,2
3.0,1,1,1,43.069710934716056,1,9600.0,80.0,1,4,528.0,187000,1,0,0,0,1,4
3.0,1,2,2,40.63249930782009,1,12416.0,47.0,0,4,1606.0,184000,0,0,1,0,0,4
3.0,0,1,1,34.9857113690718,0,3951.0,40.0,0,4,612.0,164500,1,0,0,0,0,3
3.0,1,4,2,30.463092423455635,1,6000.0,50.0,2,1,928.0,112500,0,1,1,0,0,2
3.0,3,0,3,33.04542328371661,3,5600.0,70.0,0,5,82.5,55000,1,1,1,1,1,0
3.0,1,5,0,40.50925820105819,2,9600.0,60.0,1,3,728.0,178000,1,1,1,0,1,3
3.0,1,2,1,37.62977544445356,1,11700.0,90.0,2,4,708.0,179900,1,0,0,0,0,4
3.0,0,3,2,43.634848458542855,2,10927.0,74.0,0,2,1058.0,275000,1,0,0,0,0,6
2.0,1,6,2,30.59411708155671,1,5868.0,74.0,1,1,936.0,129000,0,1,1,0,1,2
3.0,1,3,2,39.44616584663204,1,1950.0,27.5,2,4,716.0,151000,1,1,1,0,0,3
2.0,1,5,0,29.393876913398138,1,17619.5,111.5,0,5,864.0,141000,0,1,1,0,0,2
3.0,1,3,0,40.66939881532551,0,8125.0,81.0,0,3,1654.0,230000,0,0,0,0,0,5
3.0,1,1,0,37.62977544445356,0,17619.5,111.5,1,1,816.0,112000,0,1,1,0,1,2
2.0,4,3,1,48.63126566315131,0,9430.0,82.0,0,2,1252.0,337000,1,0,0,0,0,8
2.0,1,6,0,32.66496594212215,0,9600.0,60.0,1,5,1067.0,128000,0,1,1,0,1,2
4.0,3,0,0,43.61192497471305,1,8930.0,68.0,0,4,82.5,112000,1,1,1,0,0,2
2.0,2,1,2,39.45883931389772,0,3196.0,70.0,0,3,1374.0,234000,0,0,0,0,1,5
4.0,1,1,2,42.883563284783136,1,16770.0,58.0,0,3,1195.0,221000,1,0,0,0,0,5
